user_id,music_british,podcast_british,book_british,music_classical,podcast_classical,book_classical,music_country,podcast_country,book_country,music_disco,podcast_disco,book_disco,music_electronic,podcast_electronic,book_electronic,music_garage,podcast_garage,book_garage,music_german,podcast_german,book_german,music_hip-hop,podcast_hip-hop,book_hip-hop,music_indie,podcast_indie,book_indie,music_latin,podcast_latin,book_latin,music_pop,podcast_pop,book_pop,music_r-n-b,podcast_r-n-b,book_r-n-b,music_rnb,podcast_rnb,book_rnb,music_rock,podcast_rock,book_rock,n_music_genres,n_podcast_genres,n_book_genres,avg_popularity,avg_danceability,avg_energy,avg_valence,avg_acousticness,avg_tempo
0,0,0,0,0,0,0,0,0,0,0,0,0,1,0,0,0,0,0,0,0,0,0,0,0,0,0,0,1,0,0,1,0,0,0,0,0,0,0,0,1,0,0,4,1,1,0.4897959183673475,0.5745891928089424,0.6939041359504992,0.5732808140489086,0.20871867297624622,0.5279840040197477
1,0,0,0,0,0,0,0,0,0,0,0,0,1,0,0,0,0,0,1,0,0,0,0,1,0,0,0,0,0,0,1,0,0,0,0,0,0,0,0,1,0,0,4,5,5,0.4438775510204085,0.4660311389275231,0.9731104005684341,0.34213441654357435,0.38532974388936825,0.3640410461406305
2,1,0,0,0,0,0,0,0,0,0,0,0,1,0,0,0,0,0,0,0,0,0,0,1,1,0,0,1,0,0,1,0,0,0,0,0,0,0,0,1,0,0,6,5,3,0.5969387755102051,0.5944888734353269,0.44464428457234195,0.349273756770064,0.38728946034522127,0.5149891173754422
3,0,0,0,0,0,0,0,0,0,0,0,0,1,1,0,0,0,0,0,0,0,0,0,0,1,0,0,1,0,0,1,0,0,0,0,0,0,0,0,1,0,0,5,3,1,0.5160349854227402,0.6012980992118684,0.4660715871747052,0.3010480410775832,0.3375588206518044,0.5316894507627832
4,0,0,0,0,0,0,0,0,0,0,0,0,1,0,0,0,0,0,0,0,0,0,0,0,0,0,0,1,0,0,1,0,0,0,0,0,0,0,0,1,0,0,6,4,3,0.3214285714285712,0.899406969556483,0.5755950794919618,0.7062407680945347,0.5445804297272512,0.28439110599349293
5,0,0,0,0,0,0,1,0,0,0,0,0,1,0,0,0,0,0,0,0,0,1,0,0,0,0,0,0,0,0,1,0,0,1,0,0,0,0,0,0,0,0,5,3,1,0.5387755102040828,0.6198423736671301,0.44542144062527766,0.6405711472181191,0.4806820211806858,0.25723587624937183
6,0,0,0,0,0,0,0,0,0,0,0,0,1,1,0,0,0,0,0,0,0,0,0,1,1,0,0,0,0,0,0,0,0,0,0,0,0,0,0,1,0,0,3,7,4,0.36734693877551017,0.4298601452634834,0.6711852740030197,0.49575332348596735,0.43547860650124015,0.4700357969486517
7,0,0,0,0,0,0,0,0,0,1,0,0,1,0,0,0,0,0,1,0,0,1,0,0,1,0,0,0,0,0,1,0,0,0,0,0,0,0,0,0,0,0,7,5,3,0.629737609329446,0.6472724462988719,0.4622968292033045,0.40761060701976504,0.48047621442915556,0.23445459508232203
8,1,0,0,0,0,0,0,0,0,0,0,0,0,1,1,0,0,0,0,0,0,1,0,0,1,0,0,1,0,0,1,0,0,0,0,0,0,0,0,1,0,0,6,5,1,0.21768707482993221,0.5242878483490443,0.5006858710562412,0.3963291208490617,0.4973836913103985,0.20159896915352937
9,0,0,0,0,0,0,0,0,0,0,0,0,1,0,0,0,0,0,0,0,0,1,0,0,1,0,0,0,0,0,0,0,0,0,0,0,1,0,0,0,0,0,5,5,3,0.24489795918367463,0.36346777932313423,0.09813837818633986,0.3963564746430327,0.8284999013322086,0.28845275239843793
10,1,0,0,0,0,0,0,0,0,0,0,0,1,0,0,0,0,0,0,0,0,0,0,0,1,0,0,1,0,0,1,0,0,0,0,0,1,0,0,1,0,0,9,7,4,0.5463108320251191,0.5803169168954982,0.4425519413529009,0.36984433587092347,0.4458112025297054,0.42407962270214217
11,0,0,0,0,0,0,0,0,0,0,0,0,1,1,0,1,0,0,0,0,0,1,0,1,1,0,0,1,0,0,0,0,0,0,0,0,0,0,0,1,0,0,6,6,5,0.21768707482993221,0.8277786363090023,0.3266029151987053,0.4537994419826029,0.37760408807099954,0.27995638145973056
12,0,0,0,0,0,0,0,0,0,0,0,0,0,0,0,0,0,0,0,0,0,0,0,0,1,0,0,1,0,0,1,0,0,0,0,0,0,0,0,1,0,0,4,2,3,0.9183673469387763,0.44169177870499166,0.21344035882405188,0.2597242737567699,0.5086073137984004,0.5068177158814315
13,0,0,0,0,0,0,1,0,0,0,0,0,0,0,0,0,0,0,0,0,0,0,0,0,0,0,0,1,0,0,0,0,0,0,0,0,0,0,0,1,0,0,3,4,2,0.5632653061224477,0.7193633132437027,0.6493471889155344,0.07680945347119639,0.36227717523786673,0.41152891599186137
14,0,0,0,0,0,0,0,0,0,0,0,0,1,0,0,0,0,0,0,0,0,0,0,1,1,0,0,1,0,0,0,0,0,0,0,0,1,0,0,1,0,0,5,2,4,0.22448979591836782,0.5233863905630247,0.5267637741658522,0.22488921713441645,0.7748633160890409,0.09987425710601405
15,0,0,0,0,0,0,0,0,0,0,0,0,1,0,0,0,0,0,0,0,0,0,0,0,0,0,0,1,0,0,1,0,0,0,0,0,0,0,0,1,0,0,4,2,2,0.5510204081632661,0.4981455725544739,0.42625159131953705,0.4402593139668468,0.4756522714873299,0.4154483587863911
16,1,0,0,0,0,0,0,0,0,0,0,0,1,0,0,0,0,0,0,0,0,0,0,0,0,0,0,1,0,0,1,0,0,0,0,0,1,0,0,1,0,0,6,2,1,0.3861852433281019,0.4240873482876266,0.7216107455915606,0.39862894368064217,0.37608137964657584,0.2590646593050141
17,1,0,0,0,0,0,0,0,0,0,0,0,1,1,0,0,0,0,0,0,0,0,0,0,0,0,0,0,0,0,1,0,0,0,0,0,0,0,0,1,0,0,4,2,3,0.6612244897959201,0.545201668984701,0.867572608579803,0.32200886262924644,0.2353462852543888,0.3446380356060861
18,0,0,0,0,0,0,0,0,0,0,0,0,1,0,0,0,0,0,0,0,0,1,0,0,1,0,0,1,0,0,1,0,0,0,0,0,1,0,0,1,0,0,7,3,1,0.5850340136054424,0.7144954411991964,0.5248640593697882,0.3679085289129601,0.6598102224990938,0.24696105617742248
19,0,0,0,0,0,0,0,0,0,0,0,0,0,0,0,0,0,0,0,0,0,0,0,0,1,0,0,0,0,0,0,0,0,0,0,0,0,0,0,1,0,0,4,5,1,0.6367346938775515,0.6636532220676867,0.09974242827959845,0.3131462333825702,0.4787748168841872,0.2370217391509417
20,1,0,0,0,0,0,1,0,0,0,0,0,1,0,1,0,0,0,0,0,0,1,0,0,1,0,0,1,0,0,1,0,0,0,0,0,1,0,0,1,0,0,9,2,4,0.38483965014577315,0.6719981455725548,0.730082600586198,0.570267989027221,0.13472271586826826,0.414870246027631
21,0,0,0,0,0,0,0,0,0,0,0,0,1,0,0,0,0,0,0,0,0,0,0,1,0,0,0,1,0,0,1,0,0,0,0,0,0,0,0,1,0,0,4,3,4,0.7102040816326536,0.8621542265492197,0.6723510080824231,0.6518956179222056,0.31626316054216985,0.22653121609005966
22,0,0,0,1,0,0,0,0,0,0,0,0,1,0,0,0,0,0,0,0,0,0,0,0,1,0,0,1,0,0,1,0,0,0,0,0,0,0,0,1,0,0,6,5,3,0.36734693877551017,0.6406452456521998,0.4200024595708052,0.5399007688520244,0.44116944102240674,0.5003895739169375
23,0,0,0,0,0,0,1,0,0,0,0,0,1,0,0,0,0,0,0,0,0,0,0,0,1,0,0,0,0,0,0,0,0,0,0,0,0,0,0,1,0,0,4,5,3,0.3214285714285712,0.5153859527121003,0.7795985433875128,0.6899310684391925,0.22373494348850612,0.5526536184176398
24,0,0,0,0,0,0,0,0,0,0,0,0,1,1,0,0,0,0,0,0,0,0,0,0,0,0,0,1,0,0,1,0,0,0,0,0,1,0,0,1,0,0,5,6,3,0.7696793002915463,0.6654303817029827,0.3019806377120524,0.3611873109657452,0.5590489419883135,0.5570960915489844
25,0,0,0,0,0,0,0,0,0,0,0,0,1,1,0,0,0,0,0,0,0,0,0,0,0,0,0,1,0,0,1,0,0,0,0,0,0,0,0,0,0,0,3,4,1,0.3945578231292526,0.9092103229794466,0.4253880845940534,0.4368400897204444,0.17392616553746856,0.2655819468546827
26,0,0,0,0,0,0,0,0,0,0,0,0,1,0,0,1,0,0,0,0,0,0,0,0,1,0,0,1,0,0,0,0,0,0,0,0,1,0,0,1,0,0,6,6,2,0.4438775510204085,0.545472106320507,0.3607114308553159,0.6474643032988675,0.7343505144267789,0.2502993822278976
27,0,0,0,0,0,0,0,0,0,0,0,0,0,0,0,0,0,0,0,0,0,0,0,0,0,0,0,1,0,0,1,0,0,0,0,0,0,0,0,1,0,0,3,6,4,0.3428571428571434,0.5955030134445991,0.9117150723865355,0.4544559330379122,0.0028988519712276964,0.3147116041604894
28,0,0,0,1,0,0,0,0,0,0,0,0,0,0,0,0,0,0,0,0,0,1,0,0,1,0,0,1,0,0,1,0,0,0,0,0,1,0,0,1,0,0,9,5,4,0.44897959183673564,0.3575181579354043,0.3066566006454099,0.22386344986049544,0.7588717047859683,0.33887631320199785
29,0,0,0,0,0,0,0,0,0,0,0,0,1,0,0,0,0,0,0,0,0,0,0,0,0,0,0,1,0,0,1,0,0,0,0,0,0,0,0,1,0,0,5,5,1,0.500927643784788,0.5763265478147257,0.5539406858351703,0.290273488205541,0.5233599953286692,0.5312076288767476
30,0,0,0,0,0,0,0,0,0,0,0,0,1,0,0,0,0,0,0,0,0,0,0,0,0,0,0,1,0,0,1,0,0,0,0,0,1,0,0,1,0,0,6,6,1,0.3755102040816318,0.6445423170040696,0.6108002486899369,0.48957820449696354,0.19919904969374297,0.3962256379038578
31,0,0,0,1,0,0,0,0,0,0,0,0,1,1,0,0,0,0,0,0,0,0,0,0,1,0,0,1,0,0,1,0,0,0,0,0,1,0,0,1,0,0,7,6,1,0.3485086342229202,0.5220688753373037,0.5370062924019758,0.6048555088436919,0.40685537266214633,0.4503217126149752
32,0,0,0,0,0,0,0,0,0,0,0,0,1,0,0,0,0,0,1,0,0,1,0,0,1,0,0,1,0,0,0,0,0,0,0,0,0,0,0,1,0,0,6,7,5,0.5877551020408163,0.6378715293875237,0.68478550492939,0.6564910553093711,0.16581141683079054,0.4823505588625474
33,0,0,0,0,0,0,0,0,0,1,0,0,1,0,0,0,0,0,0,0,0,0,0,0,1,0,0,0,0,0,1,0,0,0,0,0,0,0,0,1,0,0,5,2,1,0.12244897959183731,0.4572419255138309,0.4772848387956299,0.6603889709502705,0.19466961767198182,0.14833196501335255
34,1,0,0,0,0,0,0,0,0,0,0,0,1,0,0,0,0,0,0,0,0,0,0,0,1,0,0,1,0,0,1,0,0,0,0,0,1,0,0,1,0,0,7,2,4,0.3061224489795915,0.6800146808839442,0.5873819462948164,0.8799236829148201,0.2017233974222556,0.20048861757966807
35,0,0,0,0,0,0,0,0,0,1,0,0,0,0,0,0,0,0,0,0,0,1,0,0,1,0,0,1,0,0,1,0,0,0,0,0,0,0,0,1,0,0,6,6,4,0.314868804664723,0.7465615824447538,0.31619149125144297,0.9221354716184847,0.20040893239238722,0.3981514676090878
36,0,0,0,0,0,0,0,0,0,0,0,0,1,0,0,1,0,0,0,0,0,0,0,0,1,0,0,1,0,0,1,0,0,0,0,0,1,0,0,1,0,0,9,4,5,0.722448979591837,0.5297867408437646,0.4562394528821385,0.2710487444608566,0.39682367098354376,0.4824892250697186
37,1,0,0,0,0,0,1,0,0,0,0,0,1,0,0,0,0,0,0,0,0,0,0,0,1,0,0,1,0,0,1,0,0,0,0,0,1,0,0,1,0,0,8,6,1,0.2973760932944618,0.5412223767578426,0.5908606448174796,0.6432440036575932,0.24818238451031752,0.45902613469452347
38,0,0,0,0,0,0,0,0,0,0,0,0,1,0,0,0,0,0,0,0,0,1,0,0,0,0,0,1,0,0,1,0,0,0,0,0,0,0,0,1,0,0,5,3,4,0.41326530612244916,0.703339901097203,0.7279176658673063,0.3765078778926635,0.38560340191067277,0.1964618735533985
39,0,0,0,0,0,0,0,0,0,0,0,0,1,1,0,0,0,0,0,0,0,1,0,0,1,0,0,1,0,0,0,0,0,0,0,0,0,0,0,1,0,0,5,6,1,0.5685131195335273,0.6001390820584145,0.651700861532996,0.47706970528240833,0.5389173959883943,0.4246597568341848
40,0,0,0,0,0,0,0,0,0,0,0,0,0,0,0,0,0,0,0,0,0,1,0,0,1,0,0,1,0,0,1,0,0,0,0,0,1,0,0,1,0,0,6,1,4,0.571428571428573,0.5621490753618708,0.5316857625011102,0.4554406696208765,0.45669838223515435,0.37346409881586595
41,0,0,0,1,0,0,0,0,0,0,0,0,1,0,0,0,0,0,0,0,0,1,0,0,1,0,0,1,0,0,1,0,0,0,0,0,1,0,0,1,0,0,8,2,5,0.27755102040816304,0.6993509503940663,0.4879059715190812,0.6752010503856883,0.37374121179525066,0.30814052389413726
42,1,0,0,0,0,0,0,0,0,0,0,0,1,0,0,0,0,0,0,0,0,0,0,0,1,0,0,1,0,0,1,0,0,0,0,0,1,0,0,1,0,0,8,5,4,0.31020408163265323,0.6930407458919279,0.5150546229682926,0.36336779911373684,0.2603816702328947,0.30965641909770114
43,1,0,0,0,0,0,0,0,0,1,0,0,1,0,0,0,0,0,0,0,0,0,0,0,1,0,0,1,0,0,1,0,0,0,0,0,1,0,0,1,0,0,8,4,3,0.36734693877551017,0.6100650238341476,0.46192106144144507,0.3565882664848691,0.4870611255152527,0.3021534961141896
44,0,0,0,0,0,0,0,0,0,0,0,0,1,0,0,1,0,0,0,0,0,0,0,1,1,0,0,1,0,0,1,0,0,0,0,0,0,0,0,0,0,0,6,4,5,0.33673469387755084,0.6119546180394582,0.4531930011546321,0.8388724766125061,0.34444925960463235,0.30519221620357095
45,0,0,0,0,0,0,0,0,0,0,0,0,1,0,0,0,0,0,0,0,0,1,0,0,0,0,0,1,0,0,1,0,0,0,0,0,1,0,0,1,0,0,6,3,3,0.4183673469387763,0.9094356874259515,0.2705613287148061,0.43738716559986857,0.40472367214434124,0.2126525682019209
46,0,0,0,0,0,0,0,0,0,0,0,0,1,0,0,0,0,0,0,0,0,0,0,0,0,0,0,1,0,0,1,0,0,0,0,0,0,0,0,1,0,0,4,5,3,0.5510204081632661,0.6817049142327307,0.6820654587441162,0.5246799606105367,0.09928978536853386,0.41141041298318193
47,0,0,0,0,0,0,0,0,0,0,0,0,1,0,0,0,0,0,0,0,0,0,0,0,1,0,0,1,0,0,0,0,0,0,0,0,1,0,0,1,0,0,5,4,5,0.5020408163265309,0.6782568382012053,0.4799271693756104,0.3832348596750367,0.6735334290346421,0.339629072612355
48,0,0,0,0,0,0,0,0,0,0,0,0,1,1,0,0,0,0,0,0,0,0,0,0,0,0,0,1,0,0,1,0,0,0,0,0,1,0,0,1,0,0,5,7,5,0.664723032069972,0.6405115129037242,0.5579980460076381,0.655377365126257,0.31443739183163355,0.26744643911064436
49,1,0,0,0,0,0,0,0,0,0,0,0,1,0,0,0,0,0,0,0,0,1,0,0,1,0,0,0,0,0,1,0,0,0,0,0,0,0,0,1,0,0,6,4,4,0.46938775510204067,0.63449106268995,0.3477588299730585,0.5057032660430002,0.6040935525435008,0.27035704818949413
50,0,0,0,0,0,0,0,0,0,0,0,0,1,0,0,0,0,0,0,0,0,1,0,0,0,0,0,0,0,0,0,0,0,0,0,0,0,0,0,1,0,0,3,2,1,0.14285714285714413,0.7645263483232889,0.4226248630725049,0.5416051206302314,0.3783039200133105,0.3162760797019404
51,0,0,0,0,0,0,0,0,0,0,0,0,1,0,0,0,0,0,0,0,0,0,0,0,1,0,0,1,0,0,1,0,0,0,0,0,0,0,0,1,0,0,6,3,3,0.3061224489795915,0.488680265801267,0.20320780412706907,0.29049729197439655,0.7459691305239453,0.4042713436692589
52,0,0,0,0,0,0,0,0,0,0,0,0,0,1,1,0,0,0,0,0,0,0,0,0,0,0,0,1,0,0,0,0,0,0,0,0,0,0,0,1,0,0,2,5,1,0.647230320699709,0.6866790295163034,0.5400124344968464,0.8387845537033126,0.3788666304424131,0.6469117706048575
53,0,0,0,0,0,0,0,0,0,0,0,0,1,1,0,0,0,0,0,0,0,0,0,0,1,0,0,1,0,0,0,0,0,0,0,0,0,0,0,1,0,0,4,6,2,0.12244897959183731,0.7131432545201672,0.6552535749178436,0.767684227802396,0.36258672124994673,0.5779024236400419
54,0,0,0,0,0,0,0,0,0,0,0,0,0,1,0,0,0,0,0,0,0,0,0,0,1,0,0,0,0,0,1,0,0,0,0,0,1,0,0,1,0,0,4,2,1,0.26239067055393583,0.38108484005563303,0.0,0.4135893648449037,0.6518032989866237,0.24851526763453902
55,0,0,0,1,0,0,0,0,0,0,0,0,1,1,0,0,0,0,0,0,0,1,0,0,1,0,0,1,0,0,1,0,0,0,0,0,0,0,0,1,0,0,7,6,3,0.3979591836734695,0.6646898985216092,0.6987743138822275,0.6006893156080745,0.30199875794662656,0.4473569151831325
56,0,0,0,0,0,0,0,0,0,0,0,0,1,0,0,0,0,0,1,0,0,0,0,0,0,0,0,0,0,0,1,0,0,0,0,0,0,0,0,1,1,0,4,7,2,0.5142857142857142,0.5424972956266418,0.1892708055777601,0.44608567208271765,0.7406971750057073,0.544331523545428
57,0,0,0,0,0,0,0,0,0,0,0,0,1,0,1,0,0,0,0,0,0,0,0,0,1,0,0,1,0,0,1,0,0,0,0,0,0,0,0,1,0,0,5,5,3,0.4285714285714288,0.6014526348323292,0.4199307220889956,0.5805022156573117,0.31958304152172823,0.1425362835381201
58,0,0,0,0,0,0,0,0,0,0,0,0,1,0,0,0,0,0,0,0,0,1,0,0,1,0,0,0,0,0,0,0,0,0,0,0,0,0,0,1,0,0,5,4,1,0.3265306122448983,0.6577036006799568,0.4143351985078607,0.5210897751518132,0.4706440749668851,0.416404243751924
59,0,0,0,0,0,0,0,0,0,0,0,0,1,0,0,0,0,0,1,0,0,1,0,0,1,0,0,0,0,0,1,0,0,0,0,0,0,0,0,1,0,0,6,4,5,0.4238618524332818,0.6674809505129398,0.3311197196089284,0.5448244517668447,0.5544597097589441,0.31329141839034147
60,0,0,0,0,0,0,0,0,0,0,0,0,0,1,0,0,0,0,0,0,0,1,0,0,0,0,0,1,0,0,1,0,0,0,0,0,0,0,0,1,0,0,4,6,4,0.5142857142857142,0.6106475042497292,0.8737898570032865,0.6661742983751845,0.07519197656736686,0.4741692526394532
61,0,0,0,0,0,0,0,0,0,0,0,0,1,0,0,0,0,0,0,0,0,0,0,0,1,0,0,1,0,0,1,0,0,0,0,0,1,0,0,1,0,0,7,5,2,0.295918367346939,0.4794403234945659,0.44101755632531026,0.6154603643525355,0.34804560386622974,0.3851009763547386
62,0,0,0,0,0,0,0,0,0,1,0,0,0,0,0,0,0,0,0,0,0,0,0,0,1,0,0,0,0,0,0,0,0,0,0,0,0,0,0,1,0,0,3,4,3,0.12244897959183731,0.5024725699273684,0.7419841904254376,0.7936976858690298,0.1577084308725715,0.4008176589685435
63,0,0,0,1,0,0,0,0,0,0,0,0,1,0,0,0,0,0,0,0,0,0,0,0,1,0,0,1,0,0,0,0,0,0,0,0,1,0,0,1,0,0,6,5,3,0.36734693877551017,0.5066747500683526,0.30122910218833465,0.31589213346968126,0.6864272109993603,0.44632063743788786
64,0,0,0,0,0,0,0,0,0,0,0,0,1,0,0,0,0,0,0,0,0,0,0,1,0,0,0,1,0,0,0,0,0,0,0,0,1,0,0,1,0,0,5,5,4,0.38483965014577315,0.5232576108793079,0.39390709654498646,0.5141731729619469,0.5405657285027203,0.47817965723168987
65,0,0,0,1,0,0,1,0,0,0,0,0,1,0,0,0,0,0,0,0,0,0,0,0,0,0,0,0,0,0,1,0,0,0,0,0,0,0,0,1,0,0,7,5,4,0.1924198250728857,0.5122469479214959,0.5806465938360428,0.5317577548005906,0.2076091937376631,0.15147621115409082
66,0,0,0,0,0,0,0,0,0,0,0,0,0,1,0,0,0,0,0,0,0,0,0,1,0,0,0,1,0,0,1,0,0,1,0,0,0,0,0,1,0,0,4,6,1,0.571428571428573,0.7334260547056095,0.4884240755543714,0.6655178073198752,0.5302445800427947,0.44803255920276674
67,0,0,0,0,0,0,0,0,0,0,0,0,1,0,1,0,0,0,0,0,0,0,0,0,0,0,0,1,0,0,1,0,0,0,0,0,1,0,0,1,0,0,5,5,5,0.4238618524332818,0.7525646969318736,0.3107940997629246,0.6448130894216563,0.4654756486998025,0.3571922252980231
68,0,0,0,0,0,0,0,0,0,0,0,0,1,0,0,0,0,0,1,0,0,1,0,0,1,0,0,1,0,0,1,0,0,0,0,0,0,0,0,1,0,0,8,5,2,0.3591836734693885,0.49255653428115154,0.5191994552506145,0.5885442310848513,0.5441091459238594,0.24520398868156734
69,0,0,0,0,0,0,0,0,0,0,0,0,1,1,0,0,0,0,0,0,0,0,0,0,1,0,0,1,0,0,0,0,0,0,0,0,1,0,0,0,0,0,4,6,3,0.6122448979591848,0.7150964130565431,0.5542232880362379,0.2625690683297771,0.25090252009147085,0.29292528784243244
70,0,0,0,0,0,0,0,0,0,0,0,0,1,1,0,0,0,0,0,0,0,0,0,1,1,0,0,1,0,0,1,0,0,0,0,0,1,0,0,1,0,0,7,7,2,0.5306122448979593,0.573507443465719,0.41640761464902143,0.4560807483998027,0.45274199726825637,0.43227696515327674
71,0,0,0,0,0,0,0,0,0,0,0,0,1,0,0,0,0,0,0,0,0,1,0,0,1,0,0,1,0,0,1,0,0,0,0,0,0,0,0,1,0,0,6,3,2,0.18838304552590301,0.722400532553523,0.49061605416521514,0.32676211036624625,0.1802675132353243,0.21896030240214248
72,0,0,0,0,0,0,0,0,0,0,0,0,1,1,0,0,0,0,0,0,0,1,0,0,1,0,0,1,0,0,1,0,0,0,0,0,0,0,0,1,0,0,6,4,1,0.4803767660910516,0.5819811466543041,0.429639194627204,0.2615233117448773,0.2806677502761358,0.28652470436560584
73,0,0,0,0,0,0,0,0,0,1,0,0,1,0,0,0,0,0,0,0,0,0,0,0,1,0,0,0,0,0,1,0,0,0,0,0,1,0,0,1,0,0,7,2,4,0.25510204081632715,0.3588703446144337,0.42806495544305356,0.1602043328409648,0.4613467960053088,0.3680200352231031
74,0,0,0,0,0,0,0,0,0,0,0,0,1,0,0,0,0,0,0,0,0,0,0,0,0,0,0,1,0,0,1,0,0,0,0,0,0,0,0,1,0,0,4,5,1,0.44897959183673564,0.6345661841721186,0.6561170816433277,0.5281197002024177,0.2791780005649215,0.2725042519586993
75,0,0,0,0,0,0,0,0,0,1,0,0,1,1,0,0,0,0,0,0,0,0,0,0,0,0,0,1,0,0,1,0,0,0,0,0,0,0,0,1,0,0,5,6,1,0.3562152133580714,0.825128896756157,0.5643969672746652,0.8453068349671004,0.26920231751471124,0.23369400744452595
76,1,0,0,0,0,0,0,0,0,0,0,0,1,1,0,0,0,0,0,0,0,0,0,0,0,0,0,0,0,0,1,0,0,0,0,0,0,0,0,1,0,0,4,5,3,0.2693877551020414,0.4700200896306601,0.712763122835065,0.5312653865091087,0.1355107315733063,0.4914940387680531
77,0,0,0,0,0,0,0,0,0,0,0,0,1,0,0,0,0,0,0,0,0,0,0,0,1,0,0,1,0,0,1,0,0,0,0,0,1,0,0,0,0,0,5,3,2,0.41632653061224545,0.6512131046206153,0.4084288125055513,0.31782373215164916,0.16261535425606422,0.18043602189605434
78,0,0,0,0,0,0,0,0,0,0,0,0,1,0,0,0,0,0,0,0,0,1,0,0,1,0,0,1,0,0,1,0,0,0,0,0,0,0,0,1,0,0,6,7,2,0.5986394557823136,0.6913580246913582,0.8733753737750543,0.7834126593358498,0.22619300967718217,0.4794140425161286
79,0,0,0,0,0,0,0,0,0,0,0,0,1,0,1,1,0,0,0,0,0,1,0,0,1,0,0,1,0,0,1,0,0,0,0,0,0,0,0,1,0,0,7,5,3,0.4373177842565603,0.6642713645495286,0.5462296829203304,0.7804037419990152,0.19167310172289995,0.46148715666581763
80,1,0,0,0,0,0,1,0,0,1,0,0,1,0,0,0,0,0,0,0,0,0,0,0,1,0,0,1,0,0,1,0,0,1,0,0,0,0,0,1,0,0,9,2,1,0.3591836734693885,0.5468242929995368,0.43443763507712374,0.5737731823403905,0.45665078953579696,0.34729344630803594
81,0,0,0,0,0,0,0,0,0,0,0,0,1,0,0,0,0,0,0,0,0,0,0,0,1,0,0,0,0,0,1,0,0,0,0,0,0,0,0,1,0,0,4,3,5,0.3129251700680271,0.2442349628255982,0.8250189971479607,0.5863832813611244,0.16690901539862432,0.5486135108680037
82,0,0,0,0,0,0,0,0,0,0,0,0,1,0,0,0,0,0,0,0,0,1,0,0,0,0,0,1,0,0,1,0,0,0,0,0,0,0,0,1,0,0,5,3,3,0.42300556586270943,0.6422149169019822,0.5253978635273602,0.5646569088223442,0.19922216011759933,0.24114184918404913
83,0,0,0,0,0,0,0,0,0,0,0,0,0,1,0,0,0,0,0,0,0,0,0,0,1,0,0,1,0,0,1,0,0,1,0,0,1,0,0,1,0,0,6,4,2,0.4285714285714288,0.6057796322052236,0.3515409894306778,0.3508370260955195,0.45218790990663316,0.2296059269898838
84,1,0,0,0,0,0,0,0,0,0,0,0,1,1,0,0,0,0,0,0,0,1,0,0,1,0,0,1,0,0,1,0,0,0,0,0,0,0,0,1,0,0,8,5,2,0.4110787172011676,0.722415391747798,0.30797584154898305,0.10920025321797833,0.3103066108525726,0.18958819370667435
85,0,0,0,0,0,0,0,0,0,0,0,0,1,0,0,0,0,0,0,0,0,0,0,0,1,0,0,1,0,0,0,0,0,0,0,0,1,0,0,1,0,0,5,5,3,0.6209912536443145,0.6866790295163039,0.5861977084998671,0.3926637124569178,0.3548978194141731,0.3629017496243505
86,0,0,0,0,0,0,0,0,0,0,0,0,1,0,0,0,0,0,0,0,0,0,0,0,1,0,0,1,0,0,1,0,0,0,0,0,0,0,0,1,0,0,5,4,4,0.37847866419295073,0.6400022477908434,0.5604405364597214,0.6673828387270043,0.11012029028380796,0.3235363318754849
87,0,0,0,0,0,0,0,0,0,0,0,0,1,0,0,1,0,0,0,0,0,1,0,0,1,0,0,1,0,0,1,0,0,0,0,0,0,0,0,1,0,0,7,3,3,0.41632653061224545,0.3771699376706332,0.5637564022855788,0.3443459707861479,0.3037714312246801,0.6052050451860029
88,0,0,0,0,0,0,0,0,0,0,0,0,1,1,0,0,0,0,0,0,0,0,0,0,0,0,0,1,0,0,1,0,0,0,0,0,0,0,0,1,0,0,4,2,3,0.2938775510204099,0.6403956111883791,0.09041655564437323,0.3234859675036924,0.19758321951068514,0.28535681707914895
89,0,0,0,0,0,0,0,0,0,0,0,0,1,0,0,0,0,0,0,0,0,0,0,0,1,0,0,1,0,0,1,0,0,0,0,0,0,0,0,1,0,0,6,3,2,0.3562152133580714,0.6518031497169188,0.6237434294988256,0.6210554585739222,0.24192885155263708,0.4443109966018348
90,0,0,0,0,0,0,0,0,0,0,0,0,1,0,1,0,0,0,0,0,0,1,0,1,0,0,0,1,0,0,1,0,0,0,0,0,0,0,0,1,0,0,5,2,3,0.44897959183673564,0.6906068098696754,0.567175888918495,0.6421303134744786,0.28229822436668817,0.223784776211293
91,0,0,0,0,0,0,0,0,0,0,0,0,1,0,0,0,0,0,0,0,0,0,0,0,0,0,0,1,0,0,1,0,0,0,0,0,0,0,0,1,0,0,4,5,1,0.37847866419295073,0.6557367836922774,0.33342618834225557,0.5447383733942076,0.3492973481404199,0.46460925958105315
92,0,0,0,0,0,0,0,0,0,0,0,0,1,1,0,0,0,0,0,0,0,0,0,0,0,0,0,1,0,0,0,0,0,0,0,0,0,0,0,1,0,0,3,6,3,0.24489795918367463,0.6624362540565603,0.6490363264943602,0.4108197932053176,0.1702092917974176,0.5001762412905206
93,0,0,0,0,0,0,0,0,0,0,0,0,1,0,0,0,0,0,1,0,0,0,0,0,1,0,0,1,0,0,1,0,0,0,0,0,0,0,0,1,0,0,6,5,4,0.12244897959183731,0.6085741513418845,0.10606329751013988,0.27055637616937445,0.9999999999999999,0.23101051190469835
94,0,0,0,1,0,0,0,0,0,0,0,0,1,0,0,0,0,0,0,0,0,0,0,0,0,0,0,1,0,0,1,0,0,0,0,0,0,0,0,0,0,0,5,3,4,0.5578231292517017,0.5909957245145006,0.715526344356614,0.5191750095738276,0.3733950361717413,0.613964284490232
95,0,0,0,0,0,0,0,0,0,0,0,0,1,1,0,0,0,0,0,0,0,0,0,1,1,0,0,1,0,0,1,0,0,0,0,0,0,0,0,1,0,0,5,6,4,0.44897959183673564,0.6545484984288883,0.4627779258075022,0.22731002790086974,0.37966785712903806,0.3624073554090357
96,0,0,0,1,0,0,0,0,0,0,0,0,1,1,0,0,0,0,0,0,0,1,0,0,1,0,0,1,0,0,1,0,0,0,0,0,1,0,0,1,0,0,8,4,4,0.3183673469387749,0.7372121774068923,0.5759836575184298,0.49483013293943834,0.6109200094411532,0.10103688363892815
97,0,0,0,0,0,0,0,0,0,0,0,0,1,0,0,0,0,0,0,0,0,0,0,0,0,0,0,1,0,0,1,0,0,0,0,0,1,0,0,1,0,0,5,4,1,0.2798833819241988,0.812239221140473,0.5333510969002573,0.8324541042414012,0.46587338130928013,0.1335314698397856
98,0,0,0,0,0,0,0,0,0,0,0,0,1,1,0,0,0,0,0,0,0,0,0,0,1,0,0,1,0,0,0,0,0,0,0,0,1,0,0,1,0,0,5,5,1,0.21865889212828193,0.615206305053315,0.6104005684341418,0.7496307237813881,0.20352318637820663,0.40646032248629993
99,0,0,0,0,0,0,0,0,0,0,0,0,1,1,0,0,0,0,0,0,0,0,0,0,0,0,0,1,0,0,1,0,0,0,0,0,0,0,0,1,0,0,5,4,2,0.4408163265306122,0.5095039406583217,0.567901234567902,0.3195470211718362,0.2674562669524808,0.40442864020018243
100,0,0,0,0,0,0,0,0,0,0,0,0,1,0,0,0,0,0,0,0,0,0,0,0,0,0,0,0,0,0,0,0,0,0,0,0,0,0,0,1,1,0,2,5,3,0.2204081632653061,0.3650904033379694,0.7966959765520918,0.3215164943377645,0.3409867553000081,0.6808894383829951
101,0,0,0,0,0,0,0,0,0,1,0,0,1,1,0,0,0,0,0,0,0,0,0,0,1,0,0,1,0,0,1,0,0,1,0,0,0,0,0,1,0,0,8,4,2,0.2560296846011134,0.6640957558899145,0.5183328085006744,0.6344836847052503,0.4050367357247404,0.1951453163823449
102,0,0,0,0,0,0,0,0,0,0,0,0,1,1,0,0,0,0,0,0,0,0,0,0,1,0,0,0,0,0,1,0,0,0,0,0,0,0,0,1,0,0,4,5,3,0.31632653061224403,0.3446723844846238,0.9640435799508538,0.544887575906778,0.1343197339452026,0.49223005446972135
103,0,0,0,0,0,0,0,0,0,0,0,0,1,0,0,0,0,0,0,0,0,0,0,0,1,0,0,1,0,0,0,0,0,0,0,0,0,0,0,1,0,0,4,4,2,0.3265306122448983,0.4016895894503685,0.5433431032951419,0.546118496635483,0.0,0.5097909033081482
104,0,0,0,0,0,0,0,0,0,0,0,0,1,0,0,0,0,0,0,0,0,0,0,0,0,0,0,1,0,0,1,0,0,0,0,0,0,0,0,1,0,0,4,3,4,0.5632653061224477,0.2036393138618453,0.676392219557687,0.42762186115214174,0.22140023138564405,0.35456540407049775
105,0,0,0,0,0,0,0,0,0,0,0,0,1,1,0,0,0,0,0,0,0,1,0,0,1,0,0,1,0,0,1,0,0,0,0,0,0,0,0,1,0,0,6,5,4,0.6326530612244898,0.7282426724359963,0.3316976048790601,0.6197685869030035,0.4783408720685026,0.38481444669196185
106,0,0,0,1,0,0,0,0,0,0,0,0,1,1,0,1,0,0,0,0,0,1,0,1,1,0,0,1,0,0,0,0,0,0,0,0,0,0,0,1,0,0,7,6,4,0.46530612244897895,0.5161747282748674,0.4611718032981029,0.42343673067454446,0.35158209740639146,0.2610534418304695
107,1,0,0,0,0,0,0,0,0,0,0,0,1,0,0,0,0,0,0,0,0,0,0,0,0,0,0,1,0,0,1,0,0,0,0,0,1,0,0,1,0,0,6,6,5,0.4521193092621676,0.6893239660972623,0.6620686356897392,0.5940612809150471,0.24293647252674969,0.4774214867605462
108,0,0,0,0,0,0,1,0,0,0,0,0,1,0,0,1,0,0,0,0,0,0,0,0,0,0,0,1,0,0,1,0,0,0,0,0,1,0,0,1,1,0,7,6,3,0.19591836734693935,0.5516921650440427,0.35154098943067824,0.417774495322501,0.3011170741710938,0.45763401491495004
109,0,0,0,0,0,0,0,0,0,0,0,0,1,0,0,0,0,0,0,0,0,1,0,0,1,0,0,0,0,0,1,0,0,0,0,0,0,0,0,1,0,0,5,2,3,0.2602040816326543,0.4403395920259623,0.20877742250643938,0.41143525356967003,0.4708726875945566,0.260304927304005
110,0,0,0,0,0,0,0,0,0,0,0,0,0,0,0,0,0,0,0,0,0,0,0,0,1,0,0,1,0,0,1,0,0,0,0,0,0,0,0,1,1,0,4,8,3,0.4897959183673475,0.5446607943130892,0.2868816058264503,0.29935992122107324,0.37722824762133234,0.15383333453867087
111,0,0,0,0,0,0,0,0,0,0,0,0,1,1,0,0,0,0,0,0,0,0,0,0,1,0,0,1,0,0,1,0,0,0,0,0,1,0,0,1,0,0,6,6,1,0.4217687074829932,0.44465907725063936,0.4661456020368888,0.3963564746430327,0.19975442683041653,0.5157518208193632
112,0,0,0,0,0,0,0,0,0,0,0,0,1,0,0,0,0,0,0,0,0,0,0,1,0,0,0,1,0,0,0,0,0,0,0,0,0,0,0,0,0,0,2,5,4,0.36734693877551017,0.7975583371967239,0.6861177724487084,0.6435956952943657,0.37695476371965964,0.31694683873614204
113,0,0,0,0,0,0,0,0,0,0,0,0,1,1,0,0,0,0,0,0,0,0,0,1,1,0,0,0,0,0,1,0,0,0,0,0,0,0,0,1,0,0,4,3,5,0.5877551020408163,0.0,0.35900168753885797,0.09753815854258974,0.3891790762373134,1.0000000000000002
114,0,0,0,0,0,0,0,0,0,0,0,0,1,0,0,0,0,0,0,0,0,0,0,1,0,0,0,1,0,0,1,0,0,1,0,0,0,0,0,1,0,0,5,6,4,0.38483965014577315,0.6774068922886722,0.354827249311662,0.5669269184778783,0.39475131570874156,0.22276297201705142
115,0,0,0,1,0,0,0,0,0,0,0,0,1,0,0,0,0,0,0,0,0,1,0,0,1,0,0,1,0,0,1,0,0,1,0,0,0,0,0,1,0,0,8,5,2,0.36734693877551017,0.6252511203832485,0.6428190780708767,0.6035614639750536,0.3636388681450069,0.6119463924618413
116,0,0,0,1,0,0,0,0,0,0,0,0,1,0,0,0,0,0,0,0,0,0,0,0,0,0,0,1,0,0,1,0,0,0,0,0,0,0,0,1,0,0,6,3,1,0.2530612244897963,0.5318600937516096,0.5730822749208042,0.402593139668472,0.41649431402669057,0.276160511951864
117,0,0,0,0,0,0,0,0,0,0,0,0,0,0,0,0,0,0,0,0,0,0,0,0,1,0,0,1,0,0,1,0,0,0,0,0,0,0,0,1,0,0,4,6,4,0.45918367346938815,0.5326263328697267,0.45358157918109976,0.7693254554406695,0.48114284387659945,0.18988053481763822
118,0,0,0,0,0,0,0,0,0,0,0,0,1,0,0,0,0,0,0,0,0,1,0,0,1,0,0,1,0,0,1,0,0,0,0,0,0,0,0,0,0,0,5,3,3,0.387755102040817,0.8357415134188431,0.29827989460283644,0.37116363039553557,0.4540227438932376,0.608003366979017
119,0,0,0,0,0,0,0,0,0,0,0,0,1,1,0,0,0,0,0,0,0,0,0,0,0,0,0,1,0,0,1,0,0,0,0,0,0,0,0,1,0,0,5,4,1,0.5120593692022268,0.6540158188280583,0.6231782250966904,0.5183295286692625,0.4243249698456456,0.39014241914189385
120,0,0,0,0,0,0,0,0,0,0,0,0,1,0,0,0,0,0,0,0,0,1,0,1,1,0,0,1,0,0,1,0,0,0,0,0,0,0,0,1,0,0,6,3,3,0.3265306122448983,0.8683442366798881,0.2858453977558695,0.48005908419497734,0.7270823095743871,0.3528473266192895
121,0,0,0,0,0,0,0,0,0,0,0,0,0,0,0,0,0,0,0,0,0,1,0,0,0,0,0,1,0,0,1,0,0,0,0,0,0,0,0,1,0,0,4,5,1,0.5387755102040828,0.6279554937413074,0.4180655475619508,0.573116691285081,0.17330397805318776,0.4107620069685276
122,0,0,0,0,0,0,0,0,0,0,0,0,1,0,0,0,0,0,0,0,0,1,0,1,0,0,0,1,0,0,1,0,0,1,0,0,0,0,0,1,0,0,6,4,5,0.295918367346939,0.7480747437284294,0.40656363797850603,0.21212867224684062,0.47435604756174465,0.25212763013792094
123,0,0,0,0,0,0,0,0,0,1,0,0,1,0,0,0,0,0,0,0,0,1,0,0,1,0,0,1,0,0,0,0,0,1,0,0,0,0,0,1,0,0,7,6,3,0.25714285714285623,0.6028048215113586,0.4214850341948666,0.46504185130477593,0.3923418316611399,0.22680996346569926
124,0,0,0,0,0,0,0,0,0,0,0,0,1,0,0,0,0,0,0,0,0,0,0,0,0,0,0,1,0,0,1,0,0,0,0,0,0,0,0,1,0,0,4,4,5,0.20408163265306278,0.5444204055701505,0.4243518765234726,0.3763882050440396,0.6323663889780984,0.3438434562284871
125,0,0,0,0,0,0,0,0,0,0,0,0,1,0,0,0,0,0,0,0,0,1,0,0,1,0,0,1,0,0,1,0,0,0,0,0,1,0,0,1,0,0,7,2,1,0.5102040816326543,0.6313359604388815,0.3933519850786038,0.6413096996553417,0.4088058101786468,0.326910692988301
126,1,0,0,0,0,0,0,0,0,0,0,0,1,1,0,0,0,0,1,0,0,0,0,0,0,0,0,1,0,0,0,0,0,0,0,0,0,0,0,1,0,0,5,5,1,0.34013605442176775,0.5549374130737139,0.36666962726115404,0.46422123748563926,0.37347242267476133,0.23443864869309472
127,0,0,0,0,0,0,0,0,0,0,0,0,1,1,0,0,0,0,0,0,0,0,0,1,1,0,0,1,0,0,1,0,0,0,0,0,0,0,0,1,0,0,5,5,2,0.33061224489796004,0.6855586462679648,0.7404298783195666,0.9190054160512059,0.24881362621545175,0.37979982385304045
128,0,0,0,0,0,0,0,0,0,0,0,0,1,0,1,0,0,0,0,0,0,0,0,0,0,0,0,1,0,0,1,0,0,0,0,0,1,0,0,0,0,0,4,3,5,0.8746355685131189,0.6302735280482152,0.40056843414157606,0.4484068368854185,0.6658423161559249,0.4588856492513982
129,0,0,0,0,0,0,1,0,0,1,0,0,1,0,0,0,0,0,0,0,0,0,0,0,0,0,0,0,0,0,1,0,0,0,0,0,0,0,0,1,0,0,5,4,4,0.332361516034986,0.5062586926286512,0.7109867661426414,0.7438278117746356,0.19297651153805126,0.28136460484645376
130,0,0,0,0,0,0,0,0,0,0,0,0,1,0,0,0,0,0,0,0,0,1,0,0,0,0,0,0,0,0,0,0,0,0,0,0,1,0,0,1,0,0,5,4,2,0.46530612244897895,0.311002936176789,0.7935873523403503,0.5800098473658296,0.23862902071249756,0.26733586999209846
131,1,0,0,0,0,0,0,0,0,0,0,0,1,0,0,0,0,0,0,0,0,1,0,0,1,0,0,1,0,0,1,0,0,0,0,0,1,0,0,1,0,0,8,5,3,0.3591836734693885,0.6715860505846598,0.5183083163099149,0.3991301493517151,0.4293186505341604,0.3372557108624066
132,1,0,0,0,0,0,0,0,0,0,0,0,1,0,0,0,0,0,0,0,0,0,0,0,1,0,0,0,0,0,1,0,0,0,0,0,0,0,0,1,0,0,5,5,4,0.0,0.6888038942976356,0.8040789590549786,0.6136139832594779,0.21795231443683907,0.2976545994574724
133,1,0,0,0,0,0,0,0,0,0,0,0,1,1,0,0,0,0,0,0,0,0,0,1,1,0,0,1,0,0,1,0,0,0,0,0,0,0,0,1,0,0,6,3,4,0.14693877551020584,0.4189074331633442,0.3111288746780354,0.45664697193500714,0.6463050653335551,0.3533117483607675
134,0,0,0,0,0,0,1,0,0,0,0,0,1,1,0,0,0,0,0,0,0,0,0,0,1,0,0,1,0,0,1,0,0,0,0,0,1,0,0,1,0,0,7,4,2,0.2825745682888545,0.7182399581565093,0.4301174445059335,0.6326932545544065,0.277572885436128,0.25786085377023227
135,0,0,0,0,0,0,0,0,0,0,0,0,0,1,0,0,0,0,0,0,0,1,0,0,1,0,0,1,0,0,1,0,0,0,0,0,0,0,0,1,0,0,5,5,3,0.45640074211502935,0.5227307849004652,0.5383975647764614,0.4348507228861732,0.47778075207721193,0.25148392994152147
136,0,0,0,0,0,0,1,0,0,0,0,0,1,0,0,0,0,0,0,0,0,1,0,0,0,0,0,1,0,0,0,0,0,0,0,0,0,0,0,1,0,0,5,5,3,0.5306122448979593,0.8124538539466681,0.37426848644541155,0.5621204661086493,0.2943292460361988,0.13466501105713657
137,0,0,0,0,0,0,0,0,0,0,0,0,1,1,0,0,0,0,0,0,0,0,0,0,0,0,0,1,0,0,1,0,0,0,0,0,0,0,0,1,0,0,4,5,2,0.591836734693878,0.45757997218358826,0.4941232199425647,0.32209092401116013,0.4108050904841687,0.26087562836072964
138,1,0,0,0,0,0,1,0,0,0,0,0,1,0,0,0,0,0,0,0,0,0,0,0,0,0,0,1,0,0,1,0,0,0,0,0,0,0,0,1,1,0,6,6,4,0.1020408163265305,0.6378715293875237,0.7692364626817065,0.6819300837026095,0.17723443854157397,0.40635251591124
139,1,0,0,0,0,0,0,0,0,0,0,0,1,0,1,0,0,0,0,0,0,1,0,0,1,0,0,1,0,0,1,0,0,0,0,0,0,0,0,1,0,0,7,2,3,0.2973760932944618,0.6735435017771598,0.30391242561506404,0.6559049025814164,0.4177997801117793,0.47173046577426514
140,0,0,0,1,0,0,0,0,0,0,0,0,1,0,0,0,0,0,0,0,0,0,0,0,0,0,0,1,0,0,0,0,0,0,0,0,0,0,0,1,0,0,4,1,2,0.36734693877551017,0.34129191778705015,0.47739586108890686,0.15439262854329305,0.21844440968193599,0.3764439399296373
141,0,0,0,0,0,0,0,0,0,0,0,0,1,0,0,0,0,0,0,0,0,1,0,0,0,0,0,1,0,0,1,0,0,0,0,0,0,0,0,1,0,0,5,2,4,0.6979591836734702,0.7726394683974658,0.5734967581490364,0.2309207287050712,0.2878468134172719,0.3176278393949752
142,0,0,0,0,0,0,0,0,0,0,0,0,1,0,0,0,0,0,0,0,0,1,0,0,1,0,0,1,0,0,1,0,0,0,0,0,0,0,0,1,0,0,6,4,5,0.629737609329446,0.8099211868335652,0.5715427657873704,0.657663360765281,0.4063045678488929,0.1828640954828462
143,0,0,0,0,0,0,0,0,0,0,0,0,0,0,0,0,0,0,0,0,0,1,0,1,0,0,0,0,0,0,1,0,0,0,0,0,0,0,0,1,0,0,4,4,5,0.1924198250728857,0.4823056714572711,0.41833200106581403,0.3843989589927551,0.49879359969399173,0.6733331407788123
144,0,0,0,1,0,0,0,0,0,0,0,0,1,0,0,0,0,0,0,0,0,1,0,0,1,0,0,0,0,0,1,0,0,0,0,0,1,0,0,0,0,0,6,6,1,0.387755102040817,0.6649152629681141,0.41226278236669955,0.17807319875266692,0.6221797456305647,0.42063655021115953
145,0,0,0,0,0,0,0,0,0,0,0,0,1,0,0,0,0,0,1,0,0,1,0,0,0,0,0,0,0,0,1,0,0,0,0,0,1,0,0,1,0,0,6,4,2,0.2857142857142865,0.7176505434502651,0.6702785919412619,0.5588380108321024,0.2512507593550609,0.25698920132981207
146,0,0,0,0,0,0,1,0,0,0,0,0,1,0,0,0,0,0,0,0,0,0,0,0,1,0,0,1,0,0,1,0,0,0,0,0,0,0,0,1,0,0,7,4,2,0.7755102040816322,0.6881278009581209,0.38195369630221787,0.3379903167569339,0.8530623773907594,0.3145675139350106
147,0,0,0,0,0,0,0,0,0,0,0,0,1,0,0,0,0,0,0,0,0,0,0,0,1,0,0,1,0,0,1,0,0,0,0,0,1,0,0,1,0,0,6,5,4,0.12244897959183731,0.6476587853500231,0.7718269828581583,0.8110009143982552,0.2884239188414577,0.2628387187134651
148,0,0,0,1,0,0,0,0,0,0,0,0,0,0,0,0,0,0,1,0,0,0,0,0,1,0,0,1,0,0,1,0,0,0,0,0,1,0,0,1,0,0,7,3,2,0.5086342229199392,0.6090248802348943,0.4162481980227781,0.5143354921789188,0.4689992942946205,0.1975856793532742
149,0,0,0,0,0,0,0,0,0,0,0,0,1,0,0,0,0,0,0,0,0,1,0,0,1,0,0,1,0,0,1,0,0,0,0,0,0,0,0,1,0,0,6,3,1,0.20408163265306278,0.6354676419581382,0.6378107390630712,0.38319929974287403,0.11812662753489164,0.41796856207545274
150,0,0,0,1,0,0,0,0,0,0,0,0,1,0,0,0,0,0,0,0,0,0,0,0,1,0,0,1,0,0,0,0,0,0,0,0,0,0,0,1,0,0,5,6,1,0.3265306122448983,0.5644027198269204,0.567175888918495,0.4866239947480714,0.41559647581865244,0.21022944697967128
151,0,0,0,0,0,0,0,0,0,0,0,0,1,0,0,0,0,0,0,0,0,0,0,0,0,0,0,0,0,0,1,0,0,0,0,0,0,0,0,1,0,0,3,7,1,0.3061224489795915,0.5025401792613198,0.7321920241584512,0.32773264401772517,0.34636554288566523,0.3072869484913212
152,0,0,0,0,0,0,0,0,0,0,0,0,1,1,0,0,0,0,0,0,0,0,0,0,1,0,0,1,0,0,1,0,0,0,0,0,1,0,0,1,0,0,6,6,1,0.31020408163265323,0.5329418430948332,0.6684134174142171,0.6820942064664369,0.19173657634371988,0.25898476841328444
153,1,0,0,0,0,0,0,0,0,0,0,0,1,1,0,1,0,0,0,0,0,0,0,0,0,0,0,1,0,0,0,0,0,0,0,0,0,0,0,1,0,0,5,5,2,0.36734693877551017,0.6392646914204638,0.39229222682460096,0.7392238485296091,0.29875959988363887,0.1966477480147737
154,1,0,0,0,0,0,0,0,0,0,0,0,1,0,0,0,0,0,0,0,0,0,0,0,0,0,0,1,0,0,0,0,0,0,0,0,1,0,0,1,0,0,5,5,2,0.47095761381475576,0.7330099972659088,0.6998503761093695,0.47532477369995807,0.2280335285953546,0.34779688228153316
155,0,0,0,0,0,0,1,0,0,0,0,0,0,0,0,0,0,0,0,0,0,0,0,1,1,0,0,0,0,0,1,0,0,0,0,0,0,0,0,1,0,0,4,3,5,0.34693877551020336,0.6027146757327564,0.5231370459188209,0.8944690628590185,0.5823643898267704,0.5160120164802116
156,0,0,0,0,0,0,0,0,0,0,0,0,1,0,0,0,0,0,0,0,0,1,0,0,1,0,0,1,0,0,1,0,0,0,0,0,0,0,0,0,0,0,6,6,2,0.34985422740524896,0.6818497913769124,0.20894395594635418,0.4775972427375673,0.594179650555718,0.22005433181866585
157,0,0,0,0,0,0,0,0,0,0,0,0,1,1,0,0,0,0,0,0,0,1,0,0,0,0,0,1,0,0,1,0,0,0,0,0,0,0,0,0,0,0,4,4,4,0.5877551020408163,0.6731185288208932,0.4615862865263347,0.3877400295420973,0.24382010733507967,0.36434137167605973
158,0,0,0,0,0,0,0,0,0,0,0,0,1,1,0,0,0,0,0,0,0,1,0,0,1,0,0,0,0,0,1,0,0,0,0,0,0,0,0,1,0,0,5,5,2,0.16697588126159602,0.553708152456414,0.33153275359510403,0.3609954791638691,0.6265253495319699,0.49951378213752307
159,0,0,0,0,0,0,0,0,0,0,0,0,1,0,0,0,0,0,0,0,0,1,0,0,0,0,0,1,0,0,1,0,0,0,0,0,0,0,0,1,0,0,5,4,5,0.13994169096209852,1.0,0.8242295052846611,0.6671590349581483,0.23057640231252977,0.35277972291284576
160,0,0,0,0,0,0,0,0,0,0,0,0,1,0,0,0,0,0,0,0,0,0,0,0,1,0,0,1,0,0,0,0,0,0,0,0,0,0,0,1,0,0,4,1,2,0.40233236151603613,0.3072940812857363,0.4245492494892975,0.0,0.35930122198815884,0.2750781339382602
161,0,0,0,0,0,0,1,0,0,0,0,0,0,1,0,0,0,0,0,0,0,0,0,0,1,0,0,1,0,0,0,0,0,0,0,0,0,0,0,1,0,0,4,5,5,0.9551020408163264,0.49435944985319136,0.6157740474287237,0.43579517479074326,0.30171386340508344,0.35598036536816213
162,0,0,0,0,0,0,0,0,0,0,0,0,1,1,1,0,0,0,0,0,0,0,0,0,1,0,0,1,0,0,1,0,0,0,0,0,0,0,0,1,0,0,5,3,2,0.2973760932944618,0.6206150517694329,0.6434852118305359,0.6703242596891045,0.45013296659501045,0.09880427684854265
163,1,0,0,0,0,0,0,0,0,0,0,0,1,0,0,0,0,0,0,0,0,0,0,0,0,0,0,1,0,0,1,0,0,0,0,0,1,0,0,1,0,0,6,3,2,0.4285714285714288,0.6161721526811932,0.39723776534328104,0.5101287191390588,0.40010441650300343,0.43222676771676416
164,0,0,0,0,0,0,0,0,0,0,0,0,1,0,0,0,0,0,0,0,0,0,0,0,1,0,0,1,0,0,1,0,0,0,0,0,1,0,0,0,0,0,5,5,4,0.1020408163265305,0.6897053520836549,0.4899783876602424,0.7287050713934021,0.6549142364080281,0.2678820450529966
165,0,0,0,0,0,0,0,0,0,0,0,0,0,0,0,0,0,0,0,0,0,0,0,0,1,0,0,1,0,0,1,0,0,0,0,0,1,0,0,1,0,0,5,5,3,0.4897959183673475,0.4958919280894245,0.1304141871687834,0.13458066633842103,0.4135844267401323,0.20947008441659132
166,1,0,0,0,0,0,0,0,0,0,0,0,0,0,0,0,0,0,0,0,0,0,0,0,0,0,0,1,0,0,1,0,0,0,0,0,0,0,0,1,0,0,4,4,2,0.08746355685131135,0.5530057178179573,0.43698374633626447,0.6344517127382711,0.37427982185627007,0.3359255124843836
167,0,0,0,0,0,0,0,0,0,0,0,0,1,0,0,0,0,0,0,0,0,0,0,0,0,0,0,0,0,0,1,0,0,0,0,0,0,0,0,1,0,0,3,2,1,0.28163265306122476,0.6193014989955183,0.5616839861444181,0.43476120137863117,0.31504896630978596,0.44192794451087813
168,0,0,0,0,0,0,0,0,0,1,0,0,1,1,0,0,0,0,0,0,0,0,0,0,1,0,0,0,0,0,1,0,0,0,0,0,0,0,0,1,0,0,6,4,3,0.3591836734693885,0.5511512903724314,0.5125677235988988,0.387822090924011,0.2017032769314704,0.15989125550773697
169,0,0,0,0,0,0,1,0,0,0,0,0,1,1,0,0,0,0,0,0,0,1,0,0,1,0,0,1,0,0,1,0,0,1,0,0,0,0,0,1,0,0,8,3,4,0.7346938775510203,0.6912378303198892,0.32211268022618933,0.32890201870999525,0.5140630622613109,0.18099398830110003
170,0,0,0,1,0,0,0,0,0,0,0,0,0,0,0,0,0,0,0,0,0,0,0,0,0,0,0,0,0,0,1,0,0,0,0,0,0,0,0,1,0,0,3,2,2,0.3183673469387749,0.6447226085612734,0.5063504751754158,0.5603151157065486,0.5707703439443127,0.14004029180904087
171,0,0,0,0,0,0,1,0,0,0,0,0,1,0,0,0,0,0,0,0,0,0,0,0,1,0,0,1,0,0,1,0,0,0,0,0,0,0,0,1,0,0,6,6,1,0.3116883116883127,0.6082873238645148,0.325032902970553,0.5160914909807081,0.6844407048784803,0.3377978554274874
172,1,0,0,0,0,0,0,0,0,0,0,0,1,0,0,0,0,0,0,0,0,0,0,0,1,0,0,0,0,0,1,0,0,0,0,0,0,0,0,1,0,0,5,5,1,0.24489795918367463,0.5375092292106667,0.2153832489563905,0.22099130149351698,0.27993793602457795,0.2923325762766331
173,0,0,0,0,0,0,0,0,0,0,0,0,1,0,0,0,0,0,0,0,0,1,0,0,1,0,0,0,0,0,1,0,0,0,0,0,0,0,0,1,0,0,5,4,5,0.18923933209647537,0.6318891277166658,0.5477234374116868,0.537129045253122,0.33039048877667065,0.1567599890336211
174,0,0,0,0,0,0,0,0,0,0,0,0,1,0,0,0,0,0,1,0,0,0,0,0,0,0,0,1,0,0,1,0,0,0,0,0,0,0,0,1,0,0,5,3,3,0.2560296846011134,0.6392646914204634,0.4895073839917967,0.37666174298375166,0.45377334829941407,0.3081634205405901
175,0,0,0,0,0,0,0,0,0,0,0,0,1,1,0,0,0,0,0,0,0,0,0,0,1,0,0,1,0,0,1,0,0,0,0,0,0,0,0,1,0,0,5,6,4,0.38483965014577315,0.6951784886416319,0.3983479882760461,0.6594218189491455,0.5217442254467827,0.28621387935087683
176,0,0,0,1,0,0,1,0,0,0,0,0,1,0,0,0,0,0,0,0,0,0,0,1,1,0,0,1,0,0,1,0,0,0,0,0,1,0,0,0,0,0,7,6,4,0.24489795918367463,0.6422149169019822,0.31429401932999057,0.5277292869611926,0.7938954712363163,0.3599535766920028
177,0,0,0,0,0,0,0,0,0,0,0,0,1,0,0,0,0,0,0,0,0,0,0,0,0,0,0,1,0,0,1,0,0,0,0,0,0,0,0,1,0,0,4,7,5,0.332361516034986,0.7450162262401483,0.4169997335464961,0.2915523668847154,0.43282050034796293,0.4646303921199142
178,1,0,0,0,0,0,0,0,0,0,0,0,1,0,0,0,0,0,0,0,0,0,0,1,1,0,0,1,0,0,1,0,0,0,0,0,1,0,0,1,0,0,7,3,4,0.4897959183673475,0.48655540101993533,0.0637267963407051,0.13047759724273722,0.5257174696161243,0.31522462869955703
179,0,0,0,0,0,0,1,0,0,0,0,0,1,1,0,0,0,0,0,0,0,0,0,1,0,0,0,1,0,0,1,0,0,0,0,0,0,0,0,1,0,0,6,6,2,0.45918367346938815,0.651168031731314,0.6207996565710396,0.657311669128508,0.5267323936032318,0.26288723167224237
180,0,0,0,0,0,0,1,0,0,0,0,0,1,0,0,0,0,0,0,0,0,1,0,0,1,0,0,1,0,0,1,0,0,0,0,0,1,0,0,1,0,0,9,3,5,0.3861852433281019,0.6240029480641442,0.395922578176775,0.7307881680112106,0.4511674795721954,0.41313652971236126
181,0,0,0,0,0,0,0,0,0,0,0,0,1,0,0,0,0,0,0,0,0,0,0,1,1,0,0,1,0,0,1,0,0,0,0,0,0,0,0,1,1,0,6,2,2,0.3562152133580714,0.699252609544682,0.22725254140122253,0.14994852513316326,0.6894954505530145,0.1782481058313301
182,0,0,0,0,0,0,0,0,0,1,0,0,1,0,0,0,0,0,0,0,0,1,0,0,1,0,0,1,0,0,0,0,0,0,0,0,0,0,0,1,0,0,6,4,1,0.19897959183673564,0.7222705146036161,0.715871747046807,0.7111644510093548,0.1266497835112578,0.18845849871348586
183,0,0,0,0,0,0,0,0,0,0,0,0,1,0,0,0,0,0,0,0,0,0,0,0,0,0,0,1,0,0,1,0,0,0,0,0,1,0,0,1,0,0,5,4,4,0.19591836734693935,0.6333642404574253,0.5361932676081356,0.3503200393894633,0.3369717887503241,0.21506861461768212
184,0,0,0,0,0,0,0,0,0,0,0,0,1,0,0,0,0,0,1,0,0,0,0,0,0,0,0,0,0,0,0,0,0,0,0,0,1,0,0,1,1,0,4,4,2,0.38483965014577315,0.6642713645495288,0.7038813393729462,0.7206161637476257,0.41621247238269177,0.40525659469664443
185,1,0,0,0,0,0,1,0,0,0,0,0,1,0,0,0,0,0,0,0,0,0,0,0,1,0,0,1,0,0,1,0,0,0,0,0,0,0,0,1,0,0,7,3,3,0.5463108320251191,0.5624264469883384,0.5903311538803147,0.3781767223421578,0.5454671004676227,0.4207892934691895
186,0,0,0,0,0,0,0,0,0,0,0,0,1,1,0,0,0,0,0,0,0,0,0,0,1,0,0,1,0,0,1,0,0,1,0,0,0,0,0,1,0,0,6,4,3,0.571428571428573,0.6225467470251891,0.40832519169849313,0.5028721483669784,0.46116010106677285,0.20076665747465872
187,0,0,0,1,0,0,0,0,0,0,0,0,0,0,0,0,0,0,1,0,0,0,0,1,1,0,0,1,0,0,1,0,0,1,0,0,0,0,0,1,0,0,7,2,3,0.2973760932944618,0.5408360377066914,0.20627942090771834,0.43680101287191364,0.5348861119417878,0.1922260858401772
188,0,0,0,0,0,0,0,0,0,0,0,0,1,0,0,0,0,0,0,0,0,0,0,0,1,0,0,1,0,0,0,0,0,0,0,0,0,0,0,1,0,0,5,2,3,0.295918367346939,0.6707747385772422,0.797214080587382,0.5697111439356634,0.27724682038205717,0.34475571322067555
189,0,0,0,0,0,0,0,0,0,0,0,0,0,1,0,0,0,0,0,0,0,0,0,0,0,0,0,1,0,0,1,0,0,1,0,0,0,0,0,1,0,0,4,5,2,0.41326530612244916,0.6499285272755371,0.7061572963851139,0.6730059084194976,0.5039525156417469,0.3780739248102145
190,0,0,0,0,0,0,0,0,0,0,0,0,1,0,0,0,0,0,0,0,0,1,0,0,1,0,0,1,0,0,0,0,0,0,0,0,1,0,0,1,0,0,6,2,3,0.3450834879406308,0.5072421011224908,0.6666989640610743,0.39008996911507976,0.2554458113324092,0.3002589322004572
191,0,0,0,0,0,0,0,0,0,0,0,0,1,1,1,0,0,0,0,0,0,1,0,0,1,0,0,1,0,0,1,0,0,0,0,0,1,0,0,1,0,0,8,6,3,0.34985422740524896,0.6963375057950858,0.3261834976463276,0.13557712597594396,0.5602014481225759,0.12105555394095235
192,0,0,0,0,0,0,0,0,0,0,0,0,1,1,0,0,0,0,0,0,0,0,0,1,1,0,0,1,0,0,1,0,0,0,0,0,0,0,0,1,0,0,5,7,5,0.34693877551020336,0.7947251841549479,0.5350534387304973,0.6281798785491545,0.5362845966035064,0.36922628972936233
193,0,0,0,0,0,0,0,0,0,0,0,0,1,0,0,0,0,0,0,0,0,0,0,0,0,0,0,1,0,0,1,0,0,0,0,0,0,0,0,1,0,0,4,5,4,0.6530612244897949,0.41115489620357515,0.5842733220830749,0.6700311833251268,0.19912708024593428,0.16721462353068062
194,0,0,0,0,0,0,0,0,0,0,0,0,1,0,0,1,0,0,0,0,0,1,0,0,1,0,0,1,0,0,1,0,0,0,0,0,1,0,0,1,0,0,9,3,3,0.41632653061224545,0.5015711121413486,0.49246528702963577,0.47841785655670444,0.4814941786003103,0.29607184733259384
195,0,0,0,0,0,0,0,0,0,0,0,0,1,0,0,0,0,0,0,0,0,0,0,0,0,0,0,1,0,0,1,0,0,1,0,0,0,0,0,1,0,0,5,3,4,1.0,0.6468861072477208,0.3998282855197324,0.14032496307237796,0.19810170908091917,0.13694388483598563
196,0,0,0,0,0,0,0,0,0,0,0,0,1,1,0,1,0,0,0,0,0,0,0,0,1,0,0,1,0,0,0,0,0,0,0,0,1,0,0,1,0,0,6,2,1,0.3450834879406308,0.6218091906548093,0.4567255286679752,0.7132626113423749,0.4492525694957179,0.3346141925077428
197,0,0,0,0,0,0,0,0,0,1,0,0,0,0,0,0,0,0,0,0,0,0,0,0,0,0,0,1,0,0,1,0,0,0,0,0,0,0,0,1,0,0,4,5,5,0.7142857142857135,0.604066862411786,0.7308967640702257,0.5666338421139009,0.2459420452478883,0.2907879101933497
198,1,0,0,0,0,0,0,0,0,0,0,0,1,1,0,0,0,0,0,0,0,0,0,0,0,0,0,1,0,0,0,0,0,0,0,0,0,0,0,1,0,0,4,5,4,0.34693877551020336,0.6022639468397468,0.6153595642004914,0.42466765140324936,0.49170610153883054,0.5139107989531801
199,0,0,0,1,0,0,1,0,0,0,0,0,1,0,0,1,0,0,0,0,0,0,0,0,0,0,0,1,0,0,1,0,0,0,0,0,0,0,0,1,0,0,7,4,2,0.2938775510204099,0.698990367279658,0.460342836841638,0.6459871984244213,0.544068904942289,0.34404469516859915
200,0,0,0,0,0,0,1,0,0,1,0,0,1,0,0,0,0,0,0,0,0,0,0,0,0,0,0,1,0,0,1,0,0,0,0,0,0,0,0,1,0,0,7,2,3,0.2919937205651504,0.6296197235001133,0.5575710371873441,0.6626140968829298,0.3559535073795471,0.31996894728354897
201,0,0,0,0,0,0,0,0,0,0,0,0,0,0,0,0,0,0,0,0,0,0,0,0,1,0,0,1,0,0,1,0,0,0,0,0,0,0,0,1,0,0,4,2,3,0.5510204081632661,0.7622727038582398,0.5635491606714633,0.7061381913671422,0.5779494898294788,0.1550200154136454
202,0,0,0,0,0,0,0,0,0,0,0,0,1,0,0,0,0,0,1,0,0,1,0,0,0,0,0,1,0,0,1,0,0,0,0,0,1,0,0,1,0,0,7,6,2,0.5899814471243037,0.7644034222615588,0.4618123682871884,0.4735687748981693,0.37063491756402767,0.33438522604321164
203,0,0,0,1,0,0,0,0,0,0,0,0,1,0,0,0,0,0,0,0,0,0,0,0,0,0,0,1,0,0,0,0,0,0,0,0,0,0,0,1,0,0,4,2,1,0.3428571428571434,0.6560809766651214,0.4678035349498182,0.2870507139340225,0.28116064277229413,0.42612565673856473
204,0,0,0,0,0,0,0,0,0,0,0,0,1,0,0,0,0,0,0,0,0,0,0,0,1,0,0,0,0,0,1,0,0,0,0,0,0,0,0,1,0,0,4,2,2,0.6326530612244898,0.5725158399010974,0.6837492968588093,0.6564910553093711,0.7234632007831514,0.3971882832400351
205,0,0,0,0,0,0,0,0,0,0,0,0,1,0,0,0,0,0,0,0,0,1,0,0,1,0,0,1,0,0,1,0,0,0,0,0,0,0,0,1,0,0,6,2,3,0.37959183673469354,0.5822515839901097,0.7053024247268853,0.8096996553421957,0.16182083476820808,0.5343645361646814
206,0,0,0,0,0,0,0,0,0,0,0,0,1,0,0,0,0,0,0,0,0,0,0,0,1,0,0,1,0,0,1,0,0,0,0,0,0,0,0,1,0,0,5,4,2,0.47959183673469497,0.4907085458198117,0.41666666666666696,0.19038240603971757,0.44524043986488315,0.2860890595506904
207,0,0,0,0,0,0,0,0,0,0,0,0,1,0,0,0,0,0,0,0,0,0,0,1,1,0,0,1,0,0,1,0,0,0,0,0,1,0,0,1,0,0,6,2,4,0.27551020408163396,0.44912880543965406,0.0778266275868198,0.1597119645494829,0.6648472680629771,0.3159111376005843
208,0,0,0,0,0,0,0,0,0,0,0,0,1,1,0,0,0,0,0,0,0,0,0,0,1,0,0,1,0,0,1,0,0,0,0,0,1,0,0,1,0,0,6,6,3,0.545454545454545,0.33342464983633313,0.5180502062996069,0.573161452038852,0.5234110704206625,0.2875307121637418
209,0,0,0,0,0,0,0,0,0,1,0,0,1,0,0,0,0,0,0,0,0,0,0,1,1,0,0,1,0,0,1,0,0,0,0,0,1,0,0,1,0,0,7,5,1,0.3296703296703303,0.5243571912556617,0.3715318343615712,0.5380070446540167,0.5211253545269169,0.44286486657628465
210,0,0,0,0,0,0,0,0,0,0,0,0,0,0,0,0,0,0,0,0,0,0,0,0,1,0,0,1,0,0,0,0,0,0,0,0,0,0,0,1,0,0,3,2,4,0.4723032069970863,0.34206459588935245,0.8473221422861714,0.5584863191953292,0.08164458479653708,0.20683050780535295
211,0,0,0,0,0,0,0,0,0,0,0,0,1,0,1,0,0,0,0,0,0,0,0,0,1,0,0,1,0,0,0,0,0,0,0,0,0,0,0,1,0,0,4,4,2,0.3979591836734695,0.6566894606706848,0.5794808597566394,0.3298252092565238,0.43357626246406367,0.2727388997072291
212,0,0,0,0,0,0,0,0,0,0,0,0,1,0,0,0,0,0,0,0,0,0,0,0,1,0,0,0,0,0,1,0,0,0,0,0,0,0,0,1,0,0,4,5,1,0.46938775510204067,0.27728841497965284,0.08326671995736756,0.06564910553093695,0.5660745309410586,0.23848858236285353
213,0,0,0,0,0,0,1,0,0,0,0,0,1,0,0,0,0,0,0,0,0,0,0,0,0,0,0,1,0,0,0,0,0,0,0,0,0,0,0,1,0,0,5,4,3,0.19047619047619158,0.45998385961297417,0.6609527193060369,0.432189944745336,0.23209502030750814,0.5283811364906261
214,1,0,0,0,0,0,0,0,0,0,0,0,1,0,0,0,0,0,0,0,0,0,0,0,1,0,0,1,0,0,1,0,0,0,0,0,0,0,0,0,0,0,5,2,2,0.4548104956268215,0.7434708700355432,0.5599964472866152,0.7434761201378627,0.7103174449629954,0.24724988795977088
215,0,0,0,0,0,0,0,0,0,0,0,0,1,0,0,0,0,0,0,0,0,1,0,1,1,0,0,1,0,0,1,0,0,0,0,0,1,0,0,1,0,0,7,3,1,0.4285714285714288,0.6719015608097667,0.47573052668975935,0.250492368291482,0.49259024233583415,0.23400669245250216
216,0,0,0,0,0,0,1,0,0,0,0,0,1,1,0,0,0,0,0,0,0,1,0,0,1,0,0,1,0,0,1,0,0,0,0,0,0,0,0,1,0,0,7,5,5,0.5265306122448976,0.7883248338742079,0.725819344524381,0.9999999999999999,0.3683945783015984,0.5331137103775465
217,0,0,0,0,0,0,0,0,0,0,0,0,1,0,0,0,0,0,0,0,0,0,0,0,1,0,0,0,0,0,0,0,0,0,0,0,1,0,0,1,0,0,4,2,2,0.5142857142857142,0.6755524648431461,0.5250022204458658,0.5593303791235845,0.3473400324249447,0.12024781317731459
218,1,0,0,0,0,0,0,0,0,0,0,0,1,0,0,1,0,0,0,0,0,0,0,0,1,0,0,1,0,0,1,0,0,1,0,0,1,0,0,0,0,0,8,4,1,0.4635568513119548,0.8694174007108639,0.12811972644106917,0.3379932475205737,0.6523339492930467,0.257599319165543
219,0,0,0,1,0,0,1,0,0,0,0,0,1,0,0,0,0,0,0,0,0,0,0,0,1,0,0,1,0,0,1,0,0,0,0,0,1,0,0,1,0,0,8,5,3,0.498542274052479,0.6806907742234585,0.7154276578737009,0.5850390377716818,0.4172243561857518,0.27381881838333877
220,0,0,0,0,0,0,0,0,0,0,0,0,1,0,0,0,0,0,0,0,0,0,0,0,0,0,0,1,0,0,1,0,0,0,0,0,1,0,0,1,0,0,5,2,1,0.33673469387755084,0.5680085509709987,0.6034431713888155,0.49565074675857523,0.38038139938013416,0.28203637456729713
221,0,0,0,0,0,0,0,0,0,0,0,0,1,0,0,0,0,0,0,0,0,0,0,0,1,0,0,1,0,0,1,0,0,0,0,0,1,0,0,1,0,0,6,4,4,0.3428571428571434,0.3131664348632359,0.5312194688693492,0.6533727227966518,0.6372436475354333,0.8869827962716716
222,0,0,0,0,0,0,0,0,0,0,0,0,1,0,0,0,0,0,0,0,0,0,0,0,1,0,0,0,0,0,1,0,0,0,0,0,0,0,0,1,0,0,4,3,1,0.2602040816326543,0.5623744398083761,0.45358157918109976,0.6646971935007383,0.5892101933501779,0.16707489610253634
223,0,0,0,0,0,0,0,0,0,0,0,0,1,0,0,0,0,0,0,0,0,0,0,0,0,0,0,1,0,0,1,0,0,0,0,0,0,0,0,1,0,0,5,7,4,0.25364431486880434,0.5070313707309537,0.5881961097788437,0.37455159316311415,0.18547245289234823,0.3009507012660493
224,1,0,0,0,0,0,0,0,0,0,0,0,1,0,0,0,0,0,0,0,0,1,0,0,1,0,0,0,0,0,1,0,0,0,0,0,1,0,0,1,0,0,7,2,1,0.7551020408163271,0.5786006799567303,0.4436080765017616,0.26922287871327766,0.327430032927957,0.10469573772780483
225,0,0,0,0,0,0,0,0,0,1,0,0,1,0,0,0,0,0,0,0,0,0,0,0,1,0,0,0,0,0,1,0,0,0,0,0,1,0,0,1,0,0,7,2,1,0.28163265306122476,0.6017230721681348,0.2365218935962341,0.5265878877400295,0.45817530364529113,0.20799239316806384
226,0,0,0,0,0,0,0,0,0,0,0,0,1,1,0,0,0,0,0,0,0,1,0,0,1,0,0,1,0,0,1,0,0,0,0,0,0,0,0,1,0,0,6,4,4,0.3265306122448983,0.5704424869932521,0.6027178257394086,0.29000492368291464,0.3771864589097016,0.38919516686953015
227,1,0,0,0,0,0,0,0,0,0,0,0,1,0,0,0,0,0,0,0,0,0,0,0,0,0,0,1,0,0,0,0,0,0,0,0,0,0,0,1,1,0,5,7,2,0.5306122448979593,0.5263912498497574,0.7044734582704213,0.6876743804365663,0.3009702977703659,0.3293180924183543
228,0,0,0,0,0,0,1,0,0,0,0,0,1,0,0,0,0,0,0,0,0,0,0,0,1,0,0,1,0,0,1,0,0,0,0,0,0,0,0,1,0,0,6,2,3,0.3979591836734695,0.3793785092463815,0.5555185481244638,0.6417200065649106,0.5730586628386143,0.41024365947981645
229,1,0,0,0,0,0,1,0,0,0,0,0,0,0,0,0,0,0,0,0,0,1,0,0,0,0,0,1,0,0,1,0,0,0,0,0,0,0,0,1,0,0,6,3,2,0.8163265306122458,0.6339652123147721,0.02195774244801707,0.2902237540346845,0.5328112323929584,0.41917756789534577
230,0,0,0,0,0,0,1,0,0,0,0,0,1,0,0,0,0,0,0,0,0,0,0,0,0,0,0,1,0,0,1,0,0,0,0,0,1,0,0,1,0,0,6,5,4,0.2560296846011134,0.5458408845056966,0.40416151926943344,0.4981871894722706,0.6247060631973359,0.3401634134514908
231,0,0,0,0,0,0,0,0,0,0,0,0,1,0,0,0,0,0,0,0,0,1,0,0,0,0,0,1,0,0,1,0,0,0,0,0,0,0,0,1,0,0,5,2,1,0.43537414965986443,0.6228472329538626,0.28446378699509545,0.4072979922315224,0.411301782856052,0.3357545941435065
232,0,0,0,1,0,0,0,0,0,0,0,0,1,0,0,0,0,0,0,0,0,0,0,0,1,0,0,1,0,0,1,0,0,0,0,0,1,0,0,1,0,0,7,5,1,0.481049562682216,0.6053546592489571,0.33550937028155237,0.6583667440388269,0.4593480408224858,0.2203423775114044
233,0,0,0,0,0,0,1,0,0,0,0,0,1,1,0,0,0,0,0,0,0,0,0,0,0,0,0,1,0,0,1,0,0,0,0,0,1,0,0,1,0,0,7,5,3,0.5170068027210899,0.5438194337128044,0.4184800307901826,0.36544668745554987,0.4080203371729937,0.38230524865743765
234,0,0,0,0,0,0,0,0,0,0,0,0,0,0,0,0,0,0,0,0,0,0,0,0,0,0,0,1,0,0,1,0,0,0,0,0,0,0,0,1,0,0,4,2,2,0.4897959183673475,0.6108277958069335,0.777008023211061,0.6343344821926803,0.25183889677801297,0.5449786325122261
235,0,0,0,0,0,0,1,0,0,0,0,0,0,0,0,0,0,0,0,0,0,1,0,0,1,0,0,1,0,0,0,0,0,0,0,0,0,0,0,1,0,0,5,5,2,0.5408163265306136,0.6779864008653991,0.659398407200166,0.4786230100114882,0.06006544963492917,0.3009720941332872
236,0,0,0,0,0,0,0,0,0,0,0,0,1,0,0,0,0,0,1,0,0,0,0,0,1,0,0,1,0,0,1,0,0,0,0,0,0,0,0,1,0,0,6,4,5,0.2530612244897963,0.3847421830731985,0.6460313230896761,0.5765632693254551,0.4462030544452742,0.28745284641475544
237,0,0,0,0,0,0,0,0,0,0,0,0,1,0,0,0,0,0,0,0,0,0,0,0,1,0,0,1,0,0,1,0,0,1,0,0,0,0,0,1,0,0,6,6,5,0.3485086342229202,0.5794848020160952,0.7163499969255369,0.6298526682573949,0.3679463318648748,0.5111291301662082
238,0,0,0,0,0,0,0,0,0,0,0,0,1,0,0,0,0,0,0,0,0,0,0,0,0,0,0,0,0,0,1,0,0,0,0,0,0,0,0,0,0,0,2,4,5,0.3061224489795915,0.7726394683974653,0.5200284217070785,0.5071393402264895,0.24989262622705974,0.400058296405464
239,0,0,0,0,0,0,0,0,0,0,0,0,1,0,0,0,0,0,0,0,0,0,0,0,0,0,0,1,0,0,1,0,0,0,0,0,1,0,0,1,0,0,5,5,4,0.2711370262390673,0.6683279245866176,0.7254196642685851,0.42941548849968336,0.2827091466977245,0.3468338534027329
240,0,0,0,0,0,0,0,0,0,0,0,0,1,0,0,0,0,0,0,0,0,1,0,0,1,0,0,1,0,0,1,0,0,0,0,0,0,0,0,0,0,0,5,5,2,0.27210884353741704,0.7923212967255622,0.32971153941044706,0.6253077301821762,0.5583229828885544,0.34943255335426016
241,0,0,0,1,0,0,0,0,0,0,0,0,1,0,0,0,0,0,0,0,0,0,0,0,0,0,0,1,0,0,0,0,0,0,0,0,0,0,0,1,0,0,5,2,3,0.19591836734693935,0.38970020089630686,0.5340172306599165,0.2909896602658787,0.2603521859752441,0.2838116793420997
242,0,0,0,0,0,0,0,0,0,0,0,0,1,1,0,0,0,0,0,0,0,0,0,0,1,0,0,1,0,0,1,0,0,0,0,0,0,0,0,1,0,0,5,4,4,0.3428571428571434,0.7937335805903263,0.6801225686117776,0.6164451009354995,0.2916681821523508,0.32249672122023765
243,0,0,0,0,0,0,0,0,0,0,0,0,1,0,0,0,0,0,0,0,0,0,0,1,1,0,0,1,0,0,1,0,0,0,0,0,0,0,0,1,0,0,6,5,5,0.43537414965986443,0.5927986400865397,0.28608717963900476,0.545708189725915,0.8267225913128492,0.41089218340791267
244,0,0,0,0,0,0,0,0,0,0,0,0,1,0,0,0,0,0,0,0,0,0,0,0,0,0,0,1,0,0,1,0,0,0,0,0,0,0,0,1,0,0,4,4,1,0.36734693877551017,0.5753242276190815,0.8196519707311074,0.5232359959095555,0.2428627172365637,0.5352368053831031
245,0,0,0,0,0,0,1,0,0,0,0,0,1,1,0,0,0,0,0,0,0,0,0,0,0,0,0,0,0,0,1,0,0,0,0,0,1,0,0,1,0,0,6,2,4,0.3945578231292526,0.5314995106372018,0.27133848476774136,0.5577438590732534,0.31255634704751145,0.0
246,0,0,0,0,0,0,0,0,0,0,0,0,1,1,0,0,0,0,0,0,0,0,0,0,0,0,0,0,0,0,0,0,0,0,0,0,0,0,0,1,0,0,3,6,1,0.41632653061224545,0.6193014989955183,1.0,0.33185622845888696,0.10566959832535605,0.3528193418291803
247,0,0,0,0,0,0,0,0,0,0,0,0,1,1,0,0,0,0,0,0,0,0,0,0,1,0,0,1,0,0,1,0,0,0,0,0,0,0,0,1,0,0,5,5,3,0.33395176252319203,0.6727005802110115,0.15773239993863486,0.4805066917326889,0.7186968957107827,0.27470473116464267
248,0,0,0,0,0,0,0,0,0,0,0,0,1,0,0,1,0,0,0,0,0,1,0,0,0,0,0,0,0,0,1,0,0,0,0,0,0,0,0,0,0,0,4,4,1,0.4761904761904763,0.7781984580779202,0.07929458902014219,0.4298648722577819,0.16342739662775416,0.039576467495666234
249,0,0,0,0,0,0,0,0,0,0,0,0,1,1,0,0,0,0,0,0,0,0,0,0,1,0,0,1,0,0,1,0,0,1,0,0,0,0,0,1,0,0,7,8,2,0.24489795918367463,0.6348204414963803,0.25077373998237285,0.3738211566867401,0.43572083592900557,0.22303647937118254
250,0,0,0,0,0,0,0,0,0,0,0,0,1,1,0,0,0,0,0,0,0,0,0,0,1,0,0,1,0,0,1,0,0,0,0,0,1,0,0,1,1,0,6,6,2,0.18367346938775597,0.5717431617987947,0.7467359445776718,0.6464092283885489,0.1806439330916295,0.30096586156566696
251,0,0,0,0,0,0,0,0,0,0,0,0,1,1,0,0,0,0,0,0,0,1,0,0,1,0,0,1,0,0,1,0,0,0,0,0,0,0,0,1,0,0,6,6,2,0.33908948194662614,0.8316156104751382,0.3650754609987221,0.5732303147369616,0.5088430449922151,0.24916863767550468
252,0,0,0,0,0,0,1,0,0,0,0,0,1,0,1,0,0,0,0,0,0,1,0,0,1,0,0,1,0,0,1,0,0,0,0,0,0,0,0,1,0,0,7,4,1,0.34985422740524896,0.6617601607170456,0.3301803002042809,0.7552577899697547,0.4827115788449622,0.2732427269978619
253,0,0,0,0,0,0,0,0,0,0,0,0,1,0,0,1,0,0,0,0,0,0,0,0,0,0,0,0,0,0,1,0,0,0,0,0,1,0,0,1,0,0,5,4,2,0.4897959183673475,0.49196414773605346,0.8384403588240517,0.8419497784342685,0.11158967907264433,0.2816051482670565
254,0,0,0,0,0,0,0,0,0,1,0,0,1,0,0,0,0,0,0,0,0,0,0,0,0,0,0,0,0,0,1,0,0,0,0,0,0,0,0,1,0,0,4,4,2,0.34985422740524896,0.8651676711481999,0.88373745448086,0.6805233171555177,0.2996272734358115,0.39699119934500304
255,0,0,0,0,0,0,0,0,0,0,0,0,1,0,0,0,0,0,0,0,0,0,0,0,1,0,0,1,0,0,1,0,0,0,0,0,0,0,0,1,0,0,7,2,3,0.6122448979591848,0.793130297302759,0.7634576099803918,0.7220770367003749,0.23683246328084842,0.4067452583739892
256,0,0,0,0,0,0,0,0,0,0,0,0,0,1,0,0,0,0,0,0,0,0,0,1,1,0,0,1,0,0,0,0,0,1,0,0,0,0,0,1,0,0,5,4,5,0.7142857142857135,0.4427059187142637,0.3692601474376054,0.2749056294107991,0.818716312687904,0.6533458017626648
257,0,0,0,0,0,0,0,0,0,0,0,0,1,0,0,0,0,0,0,0,0,0,0,0,1,0,0,1,0,0,1,0,0,0,0,0,0,0,0,1,0,0,6,5,3,0.41632653061224545,0.5208623087621695,0.4590993871569413,0.4185130477597244,0.5834950066358926,0.27691232805468924
258,0,0,0,0,0,0,0,0,0,0,0,0,0,0,0,0,0,0,0,0,0,1,0,0,1,0,0,1,0,0,1,0,0,0,0,0,0,0,0,1,0,0,5,3,1,0.22448979591836782,0.3467006645031683,0.3298842407555438,0.49441982602987034,0.3069535642288628,0.3363567387846238
259,0,0,0,0,0,0,1,0,0,0,0,0,1,0,0,0,0,0,0,0,0,1,0,0,0,0,0,1,0,0,1,0,0,1,0,0,0,0,0,1,0,0,8,7,1,0.5142857142857142,0.656261268222325,0.42718417858305946,0.35727884457574255,0.5219049461583405,0.21952527105155872
260,0,0,0,1,0,0,0,0,0,0,0,0,1,0,0,0,0,0,1,0,0,1,0,0,1,0,0,1,0,0,1,0,0,0,0,0,0,0,0,0,0,0,7,4,1,0.41982507288629733,0.41353732035234136,0.59685584865441,0.1361046634311034,0.16760757967631434,0.62593800142691
261,0,0,0,0,0,0,0,0,0,0,0,0,1,0,0,0,0,0,0,0,0,0,0,0,1,0,0,0,0,0,1,0,0,1,0,0,0,0,0,1,0,0,5,4,4,0.5204081632653068,0.297683897388348,0.3906319388933299,0.3901710979812899,0.6647229756658142,0.5725674299806403
262,0,0,0,0,0,0,1,0,0,0,0,0,1,1,0,0,0,0,1,0,0,1,0,1,1,0,0,1,0,0,1,0,0,0,0,0,1,0,0,1,0,0,10,5,2,0.4571428571428573,0.6887137485190333,0.2814933238594308,0.40275726243229915,0.648002073958281,0.2976943362872484
263,0,0,0,0,0,0,0,0,0,0,0,0,1,0,0,0,0,0,0,0,0,0,0,0,0,0,0,1,0,0,1,0,0,0,0,0,0,0,0,1,0,0,6,5,1,0.5788497217068649,0.7481771821132046,0.7133283272371997,0.5400384942482425,0.24103925852473887,0.2623855635757977
264,1,0,0,0,0,0,0,0,0,0,0,0,1,0,0,0,0,0,0,0,0,0,0,0,1,0,0,1,0,0,0,0,0,0,0,0,0,0,0,1,0,0,5,2,1,0.20816326530612272,0.5781950239530214,0.6191935340616399,0.5825209256523881,0.2357502428001532,0.2755200061377876
265,0,0,0,0,0,0,0,0,0,0,0,0,1,0,0,0,0,0,0,0,0,1,0,0,0,0,0,1,0,0,1,0,0,0,0,0,0,0,0,1,1,0,6,4,1,0.2973760932944618,0.8315561736980377,0.5848654409805492,0.49975381585425904,0.5689407280190548,0.39920056034264184
266,1,0,0,0,0,0,0,0,0,0,0,0,1,0,0,0,0,0,0,0,0,1,0,0,1,0,0,1,0,0,1,0,0,0,0,0,1,0,0,1,0,0,8,2,2,0.5772594752186588,0.5713568227476435,0.33550937028155237,0.2771505943588658,0.631000148692638,0.23075143922900643
267,0,0,0,0,0,0,0,0,0,0,0,0,1,1,0,0,0,0,0,0,0,0,0,0,0,0,0,1,0,0,1,0,0,1,0,0,0,0,0,1,0,0,5,5,2,0.3061224489795915,0.5353307062277859,0.5930810906830088,0.4545174790743475,0.1810331485085686,0.432786940787643
268,1,0,0,0,0,0,0,0,0,0,0,0,1,0,0,0,0,0,0,0,0,0,0,0,1,0,0,1,0,0,1,0,0,0,0,0,0,0,0,1,0,0,7,2,1,0.2886297376093303,0.5172693555864631,0.4709565680788703,0.43680101287191386,0.45335003407769936,0.3021635252354755
269,0,0,0,0,0,0,0,0,0,0,0,0,1,0,0,0,0,0,0,0,0,0,0,0,0,0,0,0,0,0,1,0,0,0,0,0,0,0,0,1,0,0,3,6,2,0.24489795918367463,0.2882861999690933,0.0922817301714185,0.04431314623338245,0.5266925395541763,0.5066284648078689
270,0,0,0,0,0,0,0,0,0,0,0,0,1,0,0,0,0,0,0,0,0,1,0,0,1,0,0,1,0,0,1,0,0,0,0,0,0,0,0,1,0,0,6,3,1,0.7346938775510203,0.626828671508783,0.380140332178702,0.32845068110946996,0.3332382769121238,0.45827452072902597
271,0,0,0,0,0,0,0,0,0,0,0,0,1,1,0,0,0,0,0,0,0,0,0,1,1,0,0,1,0,0,1,0,0,0,0,0,1,0,0,1,0,0,7,5,2,0.3296703296703303,0.5950869560048977,0.4260523205367335,0.6872514486990114,0.3114521011774952,0.2941654953729915
272,0,0,0,0,0,0,0,0,0,0,0,0,1,1,0,0,0,0,0,0,0,0,0,0,0,0,0,0,0,0,1,0,0,0,0,0,1,0,0,1,0,0,4,2,2,0.571428571428573,0.3588703446144337,0.7573200698700302,0.21541112752338742,0.11715542692199052,0.3730561183083734
273,0,0,0,0,0,0,0,0,0,0,0,0,1,0,0,0,0,0,0,0,0,0,0,0,1,0,0,0,0,0,0,0,0,0,0,0,0,0,0,1,0,0,3,2,2,0.18367346938775597,0.4864266213362185,0.4842792432720491,0.16781552601345795,0.5565405137689935,0.3121491092504196
274,0,0,0,0,0,0,0,0,0,0,0,0,1,0,0,0,0,0,0,0,0,0,0,0,1,0,0,0,0,0,1,0,0,0,0,0,0,0,0,1,0,0,4,2,4,0.41326530612244916,0.6999594343996289,0.23908650857092106,0.6194608567208272,0.39931099894367417,0.34975701184071073
275,0,0,0,0,0,0,0,0,0,0,0,0,1,0,0,0,0,0,0,0,0,0,0,0,1,0,0,1,0,0,1,0,0,1,0,0,0,0,0,1,0,0,7,7,5,0.46938775510204067,0.6419280894246124,0.6604346152707468,0.578327589036599,0.3737961562123949,0.39635935174648673
276,0,0,0,0,0,0,0,0,0,0,0,0,1,0,0,0,0,0,0,0,0,0,0,0,1,0,0,1,0,0,1,0,0,1,0,0,0,0,0,1,0,0,6,4,3,0.2260596546310829,0.6090248802348943,0.43585644305068794,0.4158618338825132,0.45739649778451363,0.22849714154839873
277,0,0,0,0,0,0,0,0,0,0,0,0,0,0,0,0,0,0,0,0,0,1,0,0,1,0,0,1,0,0,1,0,0,0,0,0,0,0,0,1,0,0,5,6,2,0.2825745682888545,0.45341939778657436,0.48176843140871917,0.4346097034427906,0.37985325733185027,0.34927932634877834
278,1,0,0,0,0,0,0,0,0,0,0,0,1,0,0,0,0,0,0,0,0,1,0,0,1,0,0,1,0,0,1,0,0,0,0,0,0,0,0,1,0,0,7,4,5,0.08477237048665742,0.37811300120062263,0.6044395253028352,0.37609362572434957,0.5136955359000452,0.41089327183967983
279,0,0,0,1,0,0,0,0,0,0,0,0,1,0,0,0,0,0,0,0,0,1,0,0,0,0,0,1,0,0,1,0,0,0,0,0,0,0,0,1,0,0,6,5,2,0.44897959183673564,0.6480880509624134,0.6398831552042319,0.4398490070572788,0.2475181503593958,0.1252979672665997
280,0,0,0,0,0,0,0,0,0,0,0,0,0,0,0,0,0,0,1,0,0,1,0,0,1,0,0,1,0,0,1,0,0,0,0,0,0,0,0,1,0,0,7,5,4,0.2857142857142865,0.7507340441971873,0.5104953074577376,0.562448711636304,0.465236822045867,0.3010242118744184
281,0,0,0,0,0,0,1,0,0,0,0,0,1,0,0,1,0,0,0,0,0,0,0,0,1,0,0,1,0,0,1,0,0,0,0,0,0,0,0,1,1,0,7,7,3,0.33469387755102176,0.5650337402771344,0.5627201942149984,0.5634334482192679,0.2306164221898059,0.5124052801324661
282,0,0,0,0,0,0,0,0,0,0,0,0,0,0,0,0,0,0,0,0,0,0,0,0,0,0,0,1,0,0,1,0,0,0,0,0,1,0,0,1,0,0,5,3,2,0.5034013605442187,0.5281941654217963,0.48445194461714625,0.38021773620001065,0.4970781436009746,0.29008750435100583
283,0,0,0,0,0,0,0,0,0,1,0,0,1,0,0,0,0,0,0,0,0,0,0,0,1,0,0,1,0,0,1,0,0,0,0,0,1,0,0,1,0,0,7,4,2,0.408163265306122,0.8206871683923143,0.3650116943482251,0.6944034137534877,0.5574118857929988,0.1856341180499066
284,0,0,0,0,0,0,0,0,0,0,0,0,1,1,0,0,0,0,0,0,0,0,0,0,1,0,0,0,0,0,1,0,0,0,0,0,1,0,0,1,0,0,6,7,3,0.3214285714285712,0.5542613197341988,0.5934696687094774,0.7508616445100934,0.4437390449731663,0.3428909121437955
285,0,0,0,0,0,0,1,0,0,0,0,0,1,1,0,0,0,0,0,0,0,1,0,0,1,0,0,1,0,0,1,0,0,0,0,0,0,0,0,1,0,0,7,5,5,0.3265306122448983,0.685288208932159,0.3401427006542912,0.7019530608895453,0.4886710028903859,0.48004322863982285
286,0,0,0,0,0,0,0,0,0,0,0,0,0,0,0,0,0,0,0,0,0,1,0,0,1,0,0,1,0,0,1,0,0,1,0,0,1,0,0,1,0,0,8,3,3,0.5387755102040828,0.7240508937310051,0.4510169642064126,0.46561628097817154,0.2897536400676357,0.2607440369600471
287,0,0,0,0,0,0,0,0,0,0,0,0,1,1,0,0,0,0,0,0,0,0,0,0,1,0,0,1,0,0,1,0,0,0,0,0,1,0,0,1,0,0,6,6,4,0.5745682888540031,0.520612674298349,0.5348541679476928,0.4098019164488881,0.37399140831232236,0.44512880465254745
288,1,0,0,0,0,0,0,0,0,0,0,0,1,0,0,0,0,0,1,0,0,1,0,0,0,0,0,1,0,0,1,0,0,0,0,0,0,0,0,1,0,0,8,4,1,0.500927643784788,0.6729464323344712,0.5333107251572482,0.6456738731480237,0.5083477172564513,0.4130043347267891
289,0,0,0,0,0,0,0,0,0,0,0,0,1,0,0,0,0,0,0,0,0,0,0,0,1,0,0,1,0,0,1,0,0,0,0,0,0,0,0,1,0,0,5,2,3,0.2919937205651504,0.625459149103099,0.5893746541228553,0.5982085369086846,0.21305852592403204,0.4067441699422216
290,1,0,0,0,0,0,0,0,0,0,0,0,0,1,0,0,0,0,0,0,0,0,0,0,0,0,0,1,0,0,1,0,0,0,0,0,0,0,0,1,0,0,4,6,4,0.10495626822157611,0.35558646267964766,0.5293542943423044,0.7846240416402895,0.35123301573543986,0.5668047474242426
291,0,0,0,1,0,0,0,0,0,0,0,0,1,0,0,0,0,0,0,0,0,0,0,0,0,0,0,1,0,0,0,0,0,0,0,0,0,0,0,1,0,0,4,2,5,0.1714285714285726,0.6079431308916707,0.3614885869082509,0.37124569177744926,0.6775497885413806,0.3237588666977542
292,0,0,0,0,0,0,0,0,0,0,0,0,1,0,0,0,0,0,0,0,0,1,0,0,0,0,0,0,0,0,1,0,0,0,0,0,0,0,0,1,0,0,4,3,2,0.5597667638483959,0.7697419255138311,0.49116262545519174,0.23809523809523792,0.4005702279751103,0.3810466068936107
293,0,0,0,0,0,0,0,0,0,0,0,0,1,1,0,0,0,0,0,0,0,0,0,0,1,0,0,1,0,0,1,0,0,0,0,0,1,0,0,1,0,0,7,5,1,0.46530612244897895,0.5385308813681557,0.4845901056932238,0.47891022484818635,0.4128848527528315,0.2112034120062296
294,0,0,0,0,0,0,1,0,0,0,0,0,1,0,0,0,0,0,0,0,0,0,0,0,1,0,0,1,0,0,1,0,0,0,0,0,1,0,0,1,0,0,8,5,3,0.2857142857142865,0.6067712357698454,0.5474879355774638,0.5157557853274247,0.5429591824889821,0.3967130920709028
295,0,0,0,0,0,0,1,0,0,0,0,0,1,1,0,0,0,0,0,0,0,0,0,0,1,0,0,1,0,0,1,0,0,0,0,0,0,0,0,1,0,0,7,2,3,0.3428571428571434,0.4840828310925671,0.5734967581490364,0.62383062530773,0.6552880132176147,0.5948046079944056
296,1,0,0,0,0,0,0,0,0,0,0,0,1,0,0,1,0,0,0,0,0,0,0,0,0,0,0,1,0,0,1,0,0,0,0,0,1,0,0,1,0,0,8,3,2,0.4615384615384617,0.6314919819787692,0.5979831519399861,0.5773775707305987,0.2897094702328351,0.306254707013881
297,0,0,0,0,0,0,1,0,0,0,0,0,1,1,0,0,0,0,0,0,0,0,0,1,1,0,0,1,0,0,1,0,0,0,0,0,0,0,0,1,0,0,6,4,5,0.2260596546310829,0.6061124781569849,0.5393975417956236,0.5255084649471652,0.27486465547082395,0.09111746072641891
298,1,0,0,0,0,0,0,0,0,0,0,0,1,0,0,0,0,0,0,0,0,0,0,0,0,0,0,1,0,0,0,0,0,0,0,0,0,0,0,1,0,0,4,5,2,0.0,0.40349250502240763,0.46842525979216676,0.2516001969473164,0.10694814717365139,0.6006781123410094
299,0,0,0,0,0,0,0,0,0,0,0,0,1,0,0,0,0,0,0,0,0,1,0,0,0,0,0,1,0,0,1,0,0,0,0,0,0,0,0,1,0,0,6,3,1,0.6020408163265323,0.6187155514346059,0.7150945909938717,0.42821680617101576,0.4813072901955169,0.16984763067875064
